Start Time,GPS Time,End Time,Lattitude,Longitude,Altitude,Train Speed,Prev. Lat,Prev. Long,Delay,Download Speed,Upload Speed,Ping
1746255925.741369,1746255925.8257847,1746255929.3145623,49.8973464,18.3530023,0,30,49.8976033,18.3534784,0,5.42,0.0,555.02
1746255934.8686125,1746255934.9246979,1746255938.873601,49.8968426,18.3520206,0,34,49.8971019,18.3525293,0,4.85,0.0,671.83
1746255944.4289095,1746255944.5055578,1746255947.4755092,49.896242,18.3509096,0,40,49.8965516,18.3514802,0,6.86,0.0,652.55
1746255953.0371046,1746255953.1133049,1746255956.8950255,49.8959225,18.3503299,0,40,49.896242,18.3509096,0,4.85,0.0,507.06
1746255962.4827776,1746255962.5546625,1746255966.043342,49.8952109,18.3489932,0,42,49.8955444,18.3496015,0,5.29,0.0,485.35
1746255971.605992,1746255971.684604,1746255974.9979532,49.8945863,18.3477823,0,39,49.894903,18.3483761,0,5.8,0.0,572.87
1746255980.5691447,1746255980.6137133,1746255983.0956264,49.8939588,18.3465998,0,39,49.894285,18.3471691,0,7.82,0.0,450.04
1746255988.661903,1746255988.743491,1746255991.318781,49.893635,18.3460061,0,39,49.8939588,18.3465998,0,6.97,0.0,293.68
1746255996.8798447,1746255996.9575021,1746256000.507142,49.8930137,18.3448188,0,44,49.8933483,18.345453,0,5.2,0.0,491.38
1746256006.0533102,1746256006.1355011,1746256009.7173443,49.8922261,18.3433442,0,50,49.892626,18.3441058,0,5.21,0.0,528.73
1746256015.2684512,1746256015.3406627,1746256019.7319417,49.8913334,18.3416475,0,60,49.8917978,18.3425374,0,4.13,0.0,539.8
1746256025.2381816,1746256025.3167894,1746256029.6027758,49.8903076,18.339721,0,68,49.890833,18.3407122,0,4.31,0.0,599.05
1746256035.162127,1746256035.2120252,1746256039.2311985,49.8891612,18.3375772,0,72,49.889762,18.3386847,0,4.56,0.0,534.74
1746256044.787074,1746256044.8666472,1746256050.2885952,49.8884907,18.3362891,0,71,49.8891612,18.3375772,0,3.23,0.0,505.3
1746256055.853513,1746256055.9262142,1746256059.6099002,49.8866334,18.3328297,0,81,49.8872608,18.3340185,0,5.0,0.0,505.45
1746256065.2048628,1746256065.2905369,1746256069.2599015,49.8859788,18.3315654,0,83,49.8866334,18.3328297,0,4.96,0.0,767.67
1746256074.8195796,1746256074.8748963,1746256078.384048,49.8845949,18.3289558,0,89,49.8853229,18.3302888,0,5.11,0.0,399.82
1746256083.891219,1746256083.9642448,1746256087.8791957,49.8831298,18.3261861,0,95,49.8838881,18.3275853,0,4.69,0.0,525.68
1746256093.467777,1746256093.5273046,1746256097.4868233,49.881601,18.3232902,0,98,49.8823698,18.3247716,0,4.82,0.0,662.85
1746256103.0401945,1746256103.1185923,1746256106.6401012,49.8807876,18.3217715,0,102,49.881601,18.3232902,0,5.12,0.0,418.43
1746256112.2042532,1746256112.2782292,1746256117.157679,49.8807876,18.3217715,0,102,49.881601,18.3232902,0,3.61,0.0,474.8
1746256122.7100625,1746256122.7858505,1746256127.908532,49.8807876,18.3217715,0,102,49.881601,18.3232902,0,3.7,0.0,822.14
1746256133.4592597,1746256133.535103,1746256138.095114,49.8807876,18.3217715,0,102,49.881601,18.3232902,0,3.93,0.0,518.04
1746256143.653285,1746256143.7298772,1746256147.9796367,49.8807876,18.3217715,0,102,49.881601,18.3232902,0,4.23,0.0,494.69
1746256153.5428782,1746256153.5974262,1746256157.0879765,49.8708241,18.3029783,0,112,49.8807876,18.3217715,0,5.36,0.0,526.48
1746256162.6567974,1746256162.7348638,1746256165.6710057,49.8699258,18.3012948,0,111,49.8708241,18.3029783,0,6.27,0.0,400.64
1746256171.2295997,1746256171.3056054,1746256176.2650533,49.8682433,18.2980946,0,97,49.8690769,18.2996542,0,3.45,0.0,351.42
1746256181.822658,1746256181.9013727,1746256185.1558783,49.8666959,18.295272,0,91,49.867432,18.2966421,0,5.74,0.0,486.05
1746256190.737566,1746256190.784892,1746256193.6236885,49.8651155,18.2923193,0,91,49.8658625,18.2936587,0,6.54,0.0,409.14
1746256199.1867707,1746256199.2388484,1746256202.6075964,49.863748,18.2896935,0,86,49.86442,18.2910016,0,5.45,0.0,454.96
1746256208.1768546,1746256208.230645,1746256212.2902734,49.8631874,18.2886494,0,88,49.863748,18.2896935,0,4.85,0.0,781.24
1746256217.8604128,1746256217.9123185,1746256221.6859534,49.8617022,18.2857944,0,84,49.8623945,18.2870974,0,4.89,0.0,520.95
1746256227.3199065,1746256227.3714542,1746256231.3117716,49.8603465,18.2832457,0,83,49.861011,18.2845228,0,5.21,0.0,892.16
1746256236.8717139,1746256236.9249032,1746256241.3401582,49.8589932,18.2807804,0,84,49.8596705,18.2820066,0,4.07,0.0,508.03
1746256246.9306958,1746256246.9869778,1746256250.467059,49.8576795,18.2783106,0,80,49.8583265,18.2795155,0,5.39,0.0,528.73
1746256256.032066,1746256256.101424,1746256259.658467,49.8564674,18.2759997,0,76,49.8570792,18.2771603,0,5.08,0.0,425.33
1746256265.1419888,1746256265.2138655,1746256269.3463302,49.8552352,18.2737067,0,77,49.8558615,18.2748415,0,4.41,0.0,529.26
1746256274.9589324,1746256275.031526,1746256278.8582485,49.8542208,18.2715802,0,73,49.8545148,18.272307,0,4.56,0.0,337.39
1746256284.4292805,1746256284.5097558,1746256289.0478578,49.8529187,18.2689936,0,61,49.8534498,18.2699593,0,3.92,0.0,485.13
1746256294.7791998,1746256294.8589056,1746256299.0778072,49.852112,18.267502,0,41,49.852493,18.2681946,0,4.14,0.0,376.4
1746256304.792184,1746256304.87061,1746256310.3160343,49.8516036,18.2664984,0,21,49.852112,18.267502,0,3.13,0.0,364.72
1746256316.1108205,1746256316.1981175,1746256321.1923258,49.851454,18.2662945,0,0,49.8514812,18.266295,0,3.57,0.0,541.6
1746256326.860329,1746256326.9193134,1746256330.72215,49.8514191,18.2663067,0,0,49.8514241,18.2662882,0,4.77,0.0,470.68
1746256336.286282,1746256336.360318,1746256340.0885596,49.8514353,18.2662987,0,0,49.8514309,18.2663199,0,4.65,0.0,308.55
1746256345.6869302,1746256345.7631981,1746256349.8986723,49.8514835,18.2663146,0,0,49.851461,18.2663099,0,4.34,0.0,469.77
1746256355.4651155,1746256355.540187,1746256360.1111286,49.8514909,18.2663901,0,0,49.8514725,18.2663535,0,3.93,0.0,523.8
1746256365.6883388,1746256365.739233,1746256369.696546,49.8514917,18.2663656,0,1,49.8514906,18.2663842,0,4.68,0.0,563.77
1746256375.2702205,1746256375.348231,1746256379.5341668,49.8515131,18.2663807,0,1,49.8514917,18.2663656,0,4.41,0.0,580.57
1746256385.004263,1746256385.0737662,1746256388.971264,49.8515605,18.2663913,0,0,49.851551,18.2663728,0,4.65,0.0,478.46
1746256394.5219915,1746256394.5992854,1746256399.070616,49.8515011,18.2663863,0,0,49.8515378,18.2663926,0,4.08,0.0,578.98
1746256404.6395285,1746256404.7177122,1746256409.6589797,49.8514707,18.2663656,0,1,49.8514835,18.2663667,0,3.58,0.0,495.75
1746256415.2094836,1746256415.2798746,1746256419.2852848,49.8514707,18.2663656,0,1,49.8514835,18.2663667,0,4.64,0.0,583.32
1746256424.840112,1746256424.9136398,1746256430.281179,49.8514707,18.2663656,0,1,49.8514835,18.2663667,0,3.32,0.0,575.3
1746256435.9726198,1746256436.0516367,1746256441.0532038,49.8514707,18.2663656,0,1,49.8514835,18.2663667,0,3.53,0.0,496.51
1746256446.5890083,1746256446.664545,1746256451.334645,49.8514707,18.2663656,0,1,49.8514835,18.2663667,0,3.84,0.0,531.84
1746256456.9471045,1746256456.9969287,1746256461.6837685,49.8502898,18.2641171,0,31,49.8505678,18.2645854,0,3.74,0.0,438.87
1746256467.262784,1746256467.4495761,1746256473.7959363,49.8496284,18.263052,0,42,49.8499738,18.2636078,0,2.76,0.0,583.51
1746256478.9930682,1746256479.0362887,1746256483.4974308,49.848807,18.2616286,0,47,49.8492712,18.2624439,0,3.89,0.0,375.44
1746256488.6153147,1746256488.6574588,1746256492.703348,49.8479545,18.260031,0,56,49.8483949,18.260835,0,4.25,0.0,304.34
1746256497.8282807,1746256497.893358,1746256501.6673603,49.8469833,18.258219,0,63,49.8475061,18.259156,0,4.56,0.0,287.15
1746256506.7900152,1746256506.8304925,1746256511.6643133,49.8464679,18.2572488,0,66,49.8469833,18.258219,0,3.58,0.0,394.62
1746256516.7927258,1746256516.8336802,1746256521.8165321,49.8453762,18.2551709,0,71,49.8459262,18.2562345,0,3.41,0.0,327.83
1746256754.7748127,1746256754.815961,1746256762.417947,49.8232498,18.2111776,0,44,49.8282661,18.2156455,0,-1,0.0,56.29
1746256767.5386627,1746256767.5834134,1746256767.6805434,49.8222125,18.2107414,0,42,49.8227189,18.210967,0,0.44,0.0,52.06
1746256772.8024657,1746256772.845109,1746256772.9198413,49.82172,18.2105214,0,39,49.8222125,18.2107414,0,0.34,0.0,15.64
1746256778.032141,1746256778.099481,1746256778.2019694,49.8212028,18.210267,0,34,49.82172,18.2105214,0,0.45,0.0,58.56
1746256783.318681,1746256783.3842251,1746256783.4357543,49.8205297,18.2099494,0,23,49.8208305,18.2100957,0,0.5,0.0,11.59
1746256788.5550354,1746256788.6020641,1746256788.665117,49.8202775,18.2098254,0,16,49.8205297,18.2099494,0,0.41,0.0,14.13
1746256793.7752678,1746256793.8236833,1746256793.903872,49.8201471,18.209764,0,7,49.8202775,18.2098254,0,0.41,0.0,32.1
1746256799.0276165,1746256799.068706,1746256799.2404518,49.8201078,18.2097531,0,1,49.8201471,18.209764,0,0.18,0.0,58.22
1746256804.360598,1746256804.4630785,1746256804.5264814,49.8201104,18.2097493,0,5,49.8201078,18.2097531,0,0.4,0.0,13.41
1746256809.7703116,1746256809.8597724,1746256809.9605024,49.820123,18.2097604,0,0,49.8201104,18.2097493,0,0.3,0.0,33.74
1746256815.1061852,1746256815.168238,1746256815.2764282,49.8201131,18.2097616,0,0,49.820123,18.2097604,0,0.45,0.0,64.0
1746256820.4577649,1746256820.5313783,1746256820.6019442,49.8201023,18.209759,0,0,49.8201131,18.2097616,0,0.37,0.0,16.18
1746256825.7870405,1746256825.8559704,1746256825.9283147,49.8200991,18.209753,0,0,49.8201023,18.209759,0,0.4,0.0,22.8
1746256831.1591716,1746256831.2791967,1746256831.3677368,49.8201059,18.2097777,0,0,49.8200991,18.209753,0,0.44,0.0,42.86
1746256836.492834,1746256836.5571918,1746256836.6448464,49.8201161,18.2097962,0,0,49.8201059,18.2097777,0,0.26,0.0,11.62
1746256841.7805674,1746256841.8223748,1746256841.9045045,49.8201263,18.2097956,0,0,49.8201161,18.2097962,0,0.41,0.0,33.71
1746256847.0235,1746256847.0886912,1746256847.4377162,49.820127,18.2097701,0,0,49.8201263,18.2097956,0,0.46,0.0,305.3
1746256852.9057698,1746256852.9509127,1746256853.0093353,49.8201334,18.2097465,0,0,49.820127,18.2097701,0,0.45,0.0,14.32
1746256858.1751597,1746256858.239056,1746256858.298929,49.8201278,18.2097429,0,0,49.8201334,18.2097465,0,0.42,0.0,12.88
1746256863.4087484,1746256863.4782944,1746256863.5389578,49.8201245,18.2097553,0,1,49.8201278,18.2097429,0,0.44,0.0,15.17
1746256868.6712182,1746256868.7159824,1746256868.7734978,49.8201167,18.2097665,0,0,49.8201245,18.2097553,0,0.46,0.0,14.48
1746256873.9246778,1746256873.9632254,1746256874.020519,49.8201021,18.2097508,0,0,49.8201167,18.2097665,0,0.47,0.0,15.05
1746256879.2102563,1746256879.2855327,1746256879.3888383,49.8200973,18.2097531,0,1,49.8201021,18.2097508,0,0.46,0.0,59.49
1746256884.523131,1746256884.5924585,1746256884.660097,49.8201028,18.2097671,0,0,49.8201029,18.2097653,0,0.38,0.0,14.7
1746256889.8424468,1746256889.8836808,1746256889.9487686,49.8201116,18.2097643,0,0,49.8201028,18.2097671,0,0.4,0.0,14.72
1746256917.809566,1746256917.8654137,1746256922.8498178,49.8198111,18.2096039,0,16,49.8199895,18.2096918,0,3.5,0.0,447.21
1746256928.1472156,1746256928.200016,1746256933.527919,49.8192316,18.209346,0,27,49.8195638,18.2094723,0,3.23,0.0,411.79
1746256938.7117233,1746256938.793334,1746256943.688746,49.8183706,18.2089329,0,42,49.8188365,18.2091445,0,3.52,0.0,379.13
1746256948.8058279,1746256948.8703866,1746256952.939931,49.8171425,18.2083498,0,52,49.817726,18.2086281,0,4.22,0.0,302.75
1746256958.0757725,1746256958.1409383,1746256963.9907055,49.8157539,18.2076149,0,62,49.8164739,18.2080031,0,2.96,0.0,489.67
1746256969.1174035,1746256969.1686308,1746256974.7527041,49.8140843,18.2067172,0,75,49.8149596,18.2071788,0,3.08,0.0,425.51
1746256979.8874211,1746256979.9494374,1746256984.3310714,49.8121751,18.2057996,0,83,49.81317,18.2062841,0,3.94,0.0,350.74
1746256989.4600825,1746256989.5024016,1746256995.4519203,49.80999,18.2047735,0,94,49.8111163,18.2053092,0,2.9,0.0,473.86
1746257000.572514,1746257000.6407244,1746257005.8256524,49.8076405,18.2036592,0,102,49.8088571,18.2042286,0,3.26,0.0,311.1
1746257010.9454715,1746257011.016642,1746257016.9956725,49.8064186,18.2030759,0,104,49.8076405,18.2036592,0,2.8,0.0,300.85
1746257022.1149762,1746257022.1506855,1746257027.1609094,49.8064186,18.2030759,0,104,49.8076405,18.2036592,0,3.61,0.0,607.43
1746257032.2878327,1746257032.3548753,1746257037.342059,49.8064186,18.2030759,0,104,49.8076405,18.2036592,0,3.4,0.0,316.29
1746257042.4603655,1746257042.5233483,1746257047.9939697,49.7948546,18.1975913,0,127,49.8064186,18.2030759,0,3.09,0.0,331.8
1746257053.109465,1746257053.3019302,1746257063.9993205,49.7917039,18.1961085,0,132,49.7932839,18.196845,0,0.85,0.0,594.75
1746257069.1172493,1746257069.1751292,1746257074.5037153,49.7864675,18.193631,0,138,49.7881207,18.1944067,0,3.38,0.0,630.03
1746257080.7150383,1746257080.7760777,1746257085.2960532,49.7831247,18.192042,0,141,49.7848057,18.1928449,0,3.75,0.0,285.7
1746257090.408074,1746257090.449231,1746257094.99721,49.7797759,18.1904249,0,140,49.7814519,18.1912351,0,3.88,0.0,451.41
1746257105.6305652,1746257105.681954,1746257110.250926,49.7752976,18.186477,0,137,49.7766615,18.1880898,0,3.77,0.0,352.95
1746257115.3662035,1746257115.4318817,1746257122.9800863,49.7726379,18.183254,0,134,49.7739548,18.1848597,0,2.27,0.0,538.37
1746257128.0925488,1746257128.1347034,1746257132.9343364,49.7685654,18.1784014,0,140,49.769947,18.1800294,0,3.52,0.0,282.47
1746257138.0557806,1746257138.1194327,1746257147.1000679,49.765778,18.1750197,0,144,49.7671791,18.1767265,0,1.85,0.0,381.59
1746257152.2113245,1746257152.3805563,1746257163.7786555,49.7625806,18.1712211,0,148,49.7643345,18.1733192,0,-1,0.0,362.35
1746257168.8916063,1746257168.9312544,1746257179.4573908,49.756781,18.164057,0,144,49.7581713,18.165916,0,1.6,0.0,597.49
1746257184.5684884,1746257184.6163116,1746257193.423939,49.753528,18.1585314,0,114,49.7544979,18.1602275,0,2.23,0.0,1682.61
1746257198.546521,1746257198.6104052,1746257204.1877425,49.7518687,18.1556933,0,87,49.752649,18.1570247,0,3.01,0.0,303.62
1746257209.3213654,1746257209.3837101,1746257216.5869505,49.7500779,18.1526323,0,60,49.7505952,18.1535208,0,2.32,0.0,367.13
1746257221.7011788,1746257221.741728,1746257235.301344,49.7491058,18.1509679,0,56,49.7495849,18.1517865,0,-1,0.0,1414.27
1746257240.4168863,1746257240.4621634,1746257246.0137267,49.7471939,18.1476823,0,55,49.7476719,18.1484865,0,3.51,0.0,1025.12
1746257251.1287858,1746257251.16925,1746257255.7896545,49.7461342,18.1458794,0,58,49.7467123,18.1468641,0,3.75,0.0,377.44
1746257260.908279,1746257260.9792888,1746257265.3046558,49.7451976,18.1442824,0,55,49.7456662,18.1450793,0,4.06,0.0,407.14
1746257270.431804,1746257270.509076,1746257274.7448702,49.7441905,18.1425614,0,64,49.7447167,18.1434615,0,4.09,0.0,349.72
1746257279.857437,1746257279.9204786,1746257289.7629735,49.7429931,18.140516,0,74,49.7435987,18.1415839,0,1.71,0.0,558.11
1746257294.8792622,1746257294.9181013,1746257298.83671,49.7416935,18.13819,0,85,49.7423481,18.1394009,0,4.41,0.0,311.98
1746257303.9594824,1746257303.9970658,1746257307.7892225,49.7416935,18.13819,0,85,49.7423481,18.1394009,0,4.63,0.0,358.44
1746257312.9125054,1746257312.9781497,1746257317.352192,49.7416935,18.13819,0,85,49.7423481,18.1394009,0,4.14,0.0,533.33
1746257322.4773328,1746257322.5157878,1746257326.2043989,49.7416935,18.13819,0,85,49.7423481,18.1394009,0,5.18,0.0,620.91
1746257331.3210535,1746257331.394335,1746257336.4141903,49.7416935,18.13819,0,85,49.7423481,18.1394009,0,3.43,0.0,380.49
1746257341.5291047,1746257341.5913196,1746257352.1167338,49.7416935,18.13819,0,85,49.7423481,18.1394009,0,1.6,0.0,586.0
1746257357.2277668,1746257357.2889137,1746257367.91394,49.734886,18.1130881,0,132,49.7416935,18.13819,0,1.1,0.0,595.76
1746257373.0241036,1746257373.0940232,1746257378.403296,49.7326575,18.1059927,0,137,49.7335999,18.1082172,0,3.43,0.0,682.43
1746257383.5283794,1746257383.5691195,1746257386.6632664,49.7297952,18.1020068,0,139,49.7311888,18.103679,0,5.82,0.0,364.66
1746257391.778287,1746257391.815159,1746257395.4001486,49.7270117,18.0986992,0,139,49.7283991,18.1003549,0,5.64,0.0,769.22
1746257400.5109673,1746257400.5485632,1746257403.499727,49.7243635,18.0955331,0,128,49.7256491,18.097073,0,6.07,0.0,331.61
1746257408.6248713,1746257408.6908383,1746257412.0670846,49.7231691,18.0941091,0,113,49.7243635,18.0955331,0,5.39,0.0,427.73
1746257417.1822147,1746257417.254463,1746257420.4733138,49.7210211,18.0915471,0,105,49.7220734,18.0927838,0,5.44,0.0,295.8
1746257425.6340444,1746257425.6790576,1746257428.6195354,49.7189791,18.0890867,0,103,49.7200029,18.0903276,0,6.06,0.0,318.25
1746257433.7371154,1746257433.7987387,1746257436.8442664,49.7179679,18.0878863,0,101,49.7189791,18.0890867,0,5.76,0.0,288.22
1746257441.9682074,1746257442.0053096,1746257445.048394,49.7160697,18.0856016,0,92,49.7169894,18.0867154,0,5.82,0.0,311.65
1746257450.1698062,1746257450.210682,1746257453.1389852,49.7143494,18.083563,0,81,49.7151869,18.0845557,0,6.1,0.0,323.71
1746257458.2818208,1746257458.346874,1746257461.401211,49.7135881,18.082644,0,76,49.7143494,18.083563,0,5.8,0.0,315.33
1746257466.6147797,1746257466.709142,1746257469.8518174,49.71214,18.0809053,0,49,49.7128721,18.0817882,0,5.76,0.0,383.88
1746257474.974459,1746257475.0466073,1746257478.0896618,49.7117469,18.0803803,0,31,49.71214,18.0809053,0,5.82,0.0,313.32
1746257483.2089694,1746257483.2812216,1746257486.4319708,49.7114259,18.0799582,0,10,49.7115333,18.0801133,0,5.6,0.0,311.02
1746257491.5534968,1746257491.593883,1746257494.6259575,49.7113259,18.0798009,0,7,49.7113792,18.0798827,0,5.87,0.0,326.92
1746257499.7780359,1746257499.8454678,1746257502.7728865,49.7112288,18.0796351,0,14,49.7113259,18.0798009,0,6.07,0.0,308.65
1746257507.8906732,1746257507.9319742,1746257510.7903895,49.7108214,18.0789634,0,27,49.7110545,18.0793444,0,6.22,0.0,304.54
1746257515.9384353,1746257515.9774234,1746257518.9477062,49.7102714,18.0778739,0,40,49.7105694,18.0784903,0,5.96,0.0,303.68
1746257524.0821927,1746257524.147728,1746257527.2184603,49.709963,18.077152,0,45,49.7102714,18.0778739,0,5.67,0.0,268.85
1746257532.3439336,1746257532.4161239,1746257535.4008853,49.7093933,18.0754938,0,50,49.7096679,18.0763593,0,5.9,0.0,293.22
1746257540.5231633,1746257540.5668292,1746257543.4191082,49.7090963,18.0744232,0,50,49.7093933,18.0754938,0,6.24,0.0,306.15
1746257548.5443401,1746257548.585379,1746257551.4137914,49.708654,18.0725891,0,49,49.7088566,18.0735039,0,6.25,0.0,286.69
1746257556.5471385,1746257556.6130147,1746257559.6575963,49.7083271,18.0707485,0,50,49.7084743,18.0716724,0,6.09,0.0,433.49
1746257564.7792718,1746257564.8476493,1746257568.0480678,49.7082315,18.069813,0,48,49.7083271,18.0707485,0,5.65,0.0,389.58
1746257585.9949303,1746257586.0459323,1746257589.6930764,49.7077069,18.0665088,0,42,49.7078478,18.0672909,0,5.39,0.0,698.29
1746257601.1654608,1746257601.2055109,1746257604.2986865,49.7073059,18.0641659,0,41,49.7074392,18.0649466,0,6.11,0.0,490.82
1746257617.5954404,1746257617.648105,1746257620.7848687,49.7071812,18.0634042,0,40,49.7073059,18.0641659,0,5.88,0.0,432.99
1746257625.9142947,1746257625.9627423,1746257630.04904,49.7071812,18.0634042,0,40,49.7073059,18.0641659,0,6.13,0.0,1495.49
1746257635.23734,1746257635.2817473,1746257638.797191,49.7071812,18.0634042,0,40,49.7073059,18.0641659,0,4.92,0.0,286.44
1746257645.4422398,1746257645.5091789,1746257649.1968985,49.7071812,18.0634042,0,40,49.7073059,18.0641659,0,4.75,0.0,342.88
1746257654.3241708,1746257654.4066439,1746257657.9140835,49.7058534,18.0563945,0,36,49.7071812,18.0634042,0,5.22,0.0,461.57
1746257663.0327027,1746257663.0919085,1746257666.4090323,49.7055398,18.0545372,0,39,49.7056595,18.0552673,0,5.46,0.0,409.06
1746257671.5350718,1746257671.7253482,1746257675.3725712,49.705405,18.0536611,0,39,49.7055398,18.0545372,0,4.91,0.0,411.33
1746257680.5141356,1746257680.5803857,1746257684.7447677,49.7051629,18.0522187,0,39,49.7052878,18.0529378,0,4.43,0.0,580.52
1746257689.9257615,1746257689.9891133,1746257693.041853,49.7048584,18.0506684,0,45,49.7050241,18.051472,0,5.84,0.0,330.83
1746257698.177811,1746257698.238972,1746257701.356691,49.7046408,18.0498139,0,47,49.7048584,18.0506684,0,5.88,0.0,413.09
1746257706.6220543,1746257706.7027297,1746257710.224228,49.7041264,18.0480863,0,50,49.7044111,18.0489692,0,4.97,0.0,321.0
1746257715.3598294,1746257715.4212868,1746257719.4606535,49.7034878,18.0463922,0,50,49.703804,18.0472274,0,4.23,0.0,282.23
1746257727.0334907,1746257727.1146152,1746257729.9803429,49.7027407,18.0448571,0,49,49.7031074,18.0456331,0,6.25,0.0,321.09
1746257740.08182,1746257740.1643066,1746257743.168944,49.7016052,18.0426208,0,48,49.7019798,18.04337,0,5.9,0.0,308.56
1746257748.4982183,1746257748.5442798,1746257752.0671077,49.7012284,18.0418928,0,49,49.7016052,18.0426208,0,4.98,0.0,331.45
1746257757.188678,1746257757.2540298,1746257760.6128051,49.7005005,18.0404478,0,47,49.700881,18.0411731,0,5.22,0.0,311.73
1746257765.7559624,1746257765.7961283,1746257769.5642145,49.6996959,18.0388714,0,48,49.7000652,18.0395935,0,4.95,0.0,558.19
1746257774.7196987,1746257774.7844698,1746257777.9790087,49.6989032,18.0373097,0,55,49.6993109,18.0381268,0,5.62,0.0,365.49
1746257783.1038792,1746257783.1899989,1746257786.5116267,49.6984416,18.0364125,0,61,49.6989032,18.0373097,0,5.42,0.0,390.04
1746257791.7669158,1746257791.8081443,1746257796.2598944,49.6974115,18.034352,0,72,49.6979489,18.0354284,0,4.31,0.0,761.13
1746257801.8633957,1746257801.9280076,1746257806.2321267,49.6961453,18.0318923,0,84,49.6968053,18.0331611,0,4.38,0.0,676.48
1746257811.7985475,1746257811.8478606,1746257816.8264112,49.6947087,18.0290913,0,98,49.6954382,18.0305377,0,3.44,0.0,364.11
1746257821.9801805,1746257822.0652573,1746257826.4837742,49.6931192,18.0259828,0,107,49.6939329,18.0275823,0,3.99,0.0,435.14
1746257832.0059516,1746257832.0686939,1746257836.5554588,49.6914159,18.0225972,0,113,49.6922882,18.0243199,0,3.88,0.0,390.83
1746257841.8956196,1746257842.022868,1746257846.5011258,49.6895524,18.0189574,0,122,49.6904972,18.0208003,0,3.89,0.0,395.44
1746257851.862233,1746257851.9100838,1746257855.8390598,49.687433,18.014659,0,130,49.6883839,18.0166733,0,4.5,0.0,393.9
1746257860.9852333,1746257861.0269601,1746257865.446501,49.6858127,18.0101125,0,137,49.6865676,18.0124718,0,4.18,0.0,619.13
1746257870.6419015,1746257870.7071424,1746257882.057782,49.6842874,18.0052538,0,141,49.6850626,18.0077089,0,1.35,0.0,1327.44
1746257887.2263477,1746257887.312379,1746257893.6552517,49.6818927,17.9976236,0,148,49.6826958,18.0001988,0,3.03,0.0,1105.43
1746257898.8421469,1746257898.8823264,1746257902.2917745,49.6802223,17.9923117,0,155,49.6810591,17.9949961,0,5.12,0.0,303.8
1746257907.4808946,1746257907.5377414,1746257911.1029913,49.6793684,17.9895871,0,158,49.6802223,17.9923117,0,4.86,0.0,292.41
1746257916.2408812,1746257916.3155584,1746257919.8450217,49.6793684,17.9895871,0,158,49.6802223,17.9923117,0,5.23,0.0,493.66
1746257924.9784853,1746257925.0367022,1746257930.05445,49.6793684,17.9895871,0,158,49.6802223,17.9923117,0,3.48,0.0,450.95
1746257935.186698,1746257935.255563,1746257941.8508034,49.6793684,17.9895871,0,158,49.6802223,17.9923117,0,2.68,0.0,670.67
1746257946.9709501,1746257947.0283096,1746257952.100942,49.6671182,17.9700056,0,158,49.6687137,17.9718543,0,3.38,0.0,373.15
1746257957.229305,1746257957.304277,1746257962.001068,49.6636115,17.9659262,0,160,49.6652003,17.9677902,0,3.82,0.0,541.58
1746257968.0140395,1746257968.0776427,1746257972.6254501,49.660451,17.9622589,0,155,49.6620292,17.9640802,0,3.85,0.0,418.34
1746257981.2262743,1746257981.2921422,1746257985.3748326,49.6573587,17.958641,0,153,49.658893,17.960429,0,4.19,0.0,289.1
1746257990.50381,1746257990.5630887,1746257994.982046,49.6544687,17.9552804,0,136,49.655856,17.9568976,0,3.89,0.0,336.4
1746258000.094964,1746258000.154763,1746258005.488411,49.6518598,17.9522687,0,128,49.6531563,17.9537566,0,3.16,0.0,297.34
1746258010.603193,1746258010.6551201,1746258015.4229562,49.6492981,17.9493027,0,130,49.6505861,17.9507992,0,3.58,0.0,325.27
1746258020.5325065,1746258020.6129901,1746258025.4009218,49.6466969,17.9463,0,128,49.6482583,17.9481067,0,3.6,0.0,372.09
1746258030.5252798,1746258030.5972538,1746258035.3267574,49.6440733,17.9425079,0,132,49.6454377,17.9446794,0,3.62,0.0,337.52
1746258040.4826534,1746258040.5180001,1746258045.8533888,49.6420892,17.938372,0,133,49.6430153,17.9405059,0,3.23,0.0,421.62
1746258050.9857216,1746258051.0279052,1746258055.3738003,49.6401583,17.9341174,0,136,49.6411376,17.9362535,0,4.04,0.0,414.28
1746258060.494544,1746258060.551399,1746258065.9269714,49.6381514,17.9298479,0,137,49.6391567,17.9319957,0,3.25,0.0,484.89
1746258071.0713882,1746258071.1390057,1746258075.539601,49.6361626,17.9255072,0,140,49.6373609,17.9281235,0,3.89,0.0,315.43
1746258080.6733077,1746258080.7374978,1746258085.1987906,49.6342089,17.9211105,0,139,49.6351961,17.9233103,0,4.04,0.0,524.76
1746258090.3159213,1746258090.3696089,1746258094.278836,49.6320067,17.9169502,0,139,49.6332,17.9189452,0,4.49,0.0,368.57
1746258099.4001887,1746258099.444466,1746258105.3444896,49.6292083,17.9137358,0,139,49.6306773,17.9151986,0,3.08,0.0,743.95
1746258110.4707792,1746258110.5153275,1746258114.7172787,49.626123,17.9111799,0,138,49.6276548,17.9124716,0,4.33,0.0,528.37
1746258119.8465314,1746258119.8851578,1746258126.4044623,49.6227867,17.9083604,0,137,49.626123,17.9111799,0,2.56,0.0,311.5
1746258131.5963812,1746258131.6704988,1746258136.5139399,49.619786,17.9058166,0,136,49.6212848,17.9070831,0,3.7,0.0,544.7
1746258141.749795,1746258141.825377,1746258147.0956154,49.6169342,17.9033958,0,125,49.6183434,17.9045736,0,3.28,0.0,429.05
1746258152.2565622,1746258152.3115287,1746258158.2005486,49.6143098,17.9011545,0,114,49.6155872,17.9022634,0,2.86,0.0,326.74
1746258163.4771903,1746258163.5409925,1746258169.044082,49.6118061,17.899046,0,113,49.6130524,17.9000945,0,3.08,0.0,347.23
1746258174.3983133,1746258174.4726865,1746258180.166781,49.6081671,17.8959542,0,109,49.609372,17.8969664,0,3.22,0.0,756.72
1746258185.293105,1746258185.3552556,1746258190.6121285,49.6057448,17.8939172,0,111,49.6069637,17.8949253,0,3.22,0.0,320.02
1746258195.7742934,1746258195.8412194,1746258201.605032,49.6041681,17.8930026,0,115,49.6057448,17.8939172,0,2.94,0.0,358.77
1746258206.744444,1746258206.8092723,1746258211.59328,49.6041681,17.8930026,0,115,49.6057448,17.8939172,0,3.57,0.0,336.89
1746258216.7276735,1746258216.7920122,1746258221.7405627,49.6041681,17.8930026,0,115,49.6057448,17.8939172,0,3.45,0.0,344.6
1746258226.8634493,1746258226.937209,1746258231.8072505,49.6041681,17.8930026,0,115,49.6057448,17.8939172,0,3.49,0.0,318.42
1746258236.9568226,1746258237.0261295,1746258242.3456707,49.6041681,17.8930026,0,115,49.6057448,17.8939172,0,3.19,0.0,335.01
1746258247.483921,1746258247.5490162,1746258252.8815434,49.5874919,17.8940845,0,119,49.6041681,17.8930026,0,3.27,0.0,465.97
1746258258.0052989,1746258258.0447595,1746258263.5354028,49.5842389,17.8933482,0,117,49.5860105,17.8937525,0,3.1,0.0,357.06
1746258268.649549,1746258268.7188785,1746258274.912502,49.5815064,17.8915709,0,120,49.582811,17.8926741,0,2.9,0.0,713.82
1746258280.030131,1746258280.10693,1746258288.658738,49.5795046,17.8881155,0,122,49.5803918,17.889985,0,1.95,0.0,414.22
1746258293.773553,1746258293.8173392,1746258299.4600246,49.5771686,17.8822122,0,120,49.5779545,17.8841701,0,3.0,0.0,349.69
1746258304.6477785,1746258304.7092772,1746258309.4580688,49.5759442,17.878441,0,124,49.5764615,17.8801794,0,3.59,0.0,323.31
1746258314.5776398,1746258314.644247,1746258319.606559,49.5749065,17.8732593,0,130,49.5753349,17.8756642,0,3.48,0.0,397.04
1746258324.7255545,1746258324.7713075,1746258329.7354476,49.5740286,17.8684343,0,131,49.5744511,17.8708696,0,3.45,0.0,354.6
1746258334.8588214,1746258334.919112,1746258341.6817765,49.5737102,17.8629663,0,126,49.5738119,17.8659606,0,2.51,0.0,421.89
1746258346.7985897,1746258346.8502905,1746258351.923637,49.5740753,17.8580168,0,129,49.5738088,17.8604776,0,3.45,0.0,462.28
1746258357.0417013,1746258357.0870674,1746258362.0617692,49.574608,17.8531116,0,128,49.5743521,17.855566,0,3.54,0.0,481.94
1746258367.1847045,1746258367.2501361,1746258370.6586764,49.5751355,17.8482299,0,128,49.5748679,17.850676,0,5.42,0.0,476.03
1746258375.7881162,1746258375.8357346,1746258382.096838,49.5756508,17.8433452,0,128,49.5753886,17.8457785,0,2.9,0.0,787.71
1746258387.216715,1746258387.5859842,1746258391.738701,49.5761593,17.8384699,0,129,49.5759001,17.8409129,0,4.49,0.0,615.35
1746258396.8622074,1746258396.9037743,1746258401.81341,49.5766754,17.8335526,0,129,49.5764173,17.8360178,0,3.58,0.0,465.3
1746258406.9386013,1746258406.982272,1746258410.231621,49.5772182,17.8286258,0,129,49.576944,17.8310804,0,5.41,0.0,310.02
1746258415.3493936,1746258415.4177508,1746258418.8023527,49.5777897,17.8232161,0,129,49.5775389,17.8256728,0,5.52,0.0,505.05
1746258423.9384904,1746258423.981909,1746258428.0804572,49.5780449,17.820789,0,128,49.5777897,17.8232161,0,4.56,0.0,616.37
1746258433.2003872,1746258433.2628427,1746258437.385994,49.5785628,17.8159135,0,128,49.5782875,17.8183373,0,4.45,0.0,552.28
1746258442.5064087,1746258442.5527444,1746258446.3324175,49.5792449,17.8110963,0,127,49.5788268,17.8134769,0,4.81,0.0,477.68
1746258451.4557366,1746258451.498439,1746258456.0098312,49.5808227,17.8067491,0,132,49.5799547,17.8088547,0,4.01,0.0,543.61
1746258461.1851473,1746258461.2293608,1746258466.3227484,49.5826096,17.8025874,0,129,49.5817056,17.8046734,0,3.41,0.0,438.28
1746258471.456056,1746258471.5223403,1746258474.9358778,49.5843643,17.7984231,0,128,49.5834897,17.8005027,0,5.25,0.0,385.49
1746258480.1522148,1746258480.2258062,1746258483.5656757,49.5855022,17.7938002,0,129,49.5850922,17.7962051,0,5.31,0.0,349.7
1746258496.5592315,1746258496.6064816,1746258499.687736,49.5851999,17.7869331,0,100,49.585388,17.7885419,0,6.14,0.0,491.96
1746258504.8038037,1746258504.8709521,1746258507.7120214,49.5851999,17.7869331,0,100,49.585388,17.7885419,0,6.43,0.0,370.99
1746258512.9135437,1746258512.9832275,1746258516.054145,49.5851999,17.7869331,0,100,49.585388,17.7885419,0,5.84,0.0,349.63
1746258521.1920059,1746258521.2342486,1746258524.6515067,49.5851999,17.7869331,0,100,49.585388,17.7885419,0,5.85,0.0,699.9
1746258529.7705834,1746258529.8428166,1746258537.1954758,49.5851999,17.7869331,0,100,49.585388,17.7885419,0,2.41,0.0,772.6
1746258542.3166602,1746258542.3828654,1746258546.2400408,49.5851999,17.7869331,0,100,49.585388,17.7885419,0,4.63,0.0,426.42
1746258551.356071,1746258551.4128919,1746258555.71692,49.5841125,17.7745095,0,34,49.5840796,17.7758519,0,4.26,0.0,574.01
1746258560.8434446,1746258560.8801765,1746258564.8448315,49.5842083,17.7732481,0,25,49.5841691,17.7737865,0,4.54,0.0,464.12
1746258569.9603512,1746258570.0203197,1746258573.9664397,49.5842403,17.7727673,0,26,49.5842083,17.7732481,0,4.48,0.0,398.52
1746258579.1011748,1746258579.1667635,1746258585.6178195,49.5843221,17.7717999,0,25,49.5842762,17.7722899,0,2.66,0.0,468.14
1746258590.7319326,1746258590.9073007,1746258595.8242207,49.5844757,17.7702255,0,33,49.5844074,17.7708068,0,3.66,0.0,573.7
1746258600.939443,1746258600.9900517,1746258604.8161044,49.5846091,17.7688023,0,40,49.5845311,17.7695438,0,4.87,0.0,560.63
1746258609.9470518,1746258610.0189867,1746258614.0442264,49.5846793,17.7680369,0,40,49.5846091,17.7688023,0,4.29,0.0,323.66
1746258619.2153707,1746258619.2771006,1746258622.6989646,49.5848034,17.7664415,0,41,49.5847329,17.7672315,0,5.36,0.0,457.83
1746258627.825778,1746258627.8922374,1746258632.8870468,49.5849338,17.7648528,0,42,49.5848704,17.76565,0,3.69,0.0,693.02
1746258638.0021217,1746258638.0471296,1746258642.3603742,49.5849935,17.763065,0,42,49.5849809,17.7640402,0,4.17,0.0,499.02
1746258647.4821548,1746258647.5218835,1746258652.1257787,49.584908,17.761433,0,42,49.5849702,17.7622519,0,3.82,0.0,442.44
1746258657.2513392,1746258657.2911813,1746258661.731769,49.5846793,17.759818,0,43,49.5848101,17.7606205,0,3.91,0.0,376.17
1746258666.8792531,1746258666.991942,1746258670.8795483,49.584353,17.758383,0,45,49.584516,17.7590157,0,4.7,0.0,507.05
1746258675.9956443,1746258676.055475,1746258680.373852,49.5840611,17.7574573,0,44,49.584353,17.758383,0,4.11,0.0,453.82
1746258685.5321548,1746258685.5970566,1746258690.0138218,49.5834949,17.7559561,0,45,49.5837877,17.7566999,0,4.1,0.0,537.99
1746258695.158463,1746258695.2010694,1746258698.4962475,49.582877,17.7544674,0,47,49.5831612,17.7552233,0,5.3,0.0,297.07
1746258703.62522,1746258703.69428,1746258707.0097005,49.5821912,17.7530087,0,47,49.5825541,17.7537114,0,5.28,0.0,307.96
1746258712.1516788,1746258712.1959195,1746258715.4954422,49.5812544,17.7516109,0,48,49.5817969,17.7523403,0,5.31,0.0,304.66
1746258720.6810884,1746258720.7426863,1746258724.2754586,49.5807591,17.7510742,0,48,49.5812544,17.7516109,0,4.87,0.0,269.78
1746258729.4053936,1746258729.4754138,1746258732.7024791,49.5797013,17.7502424,0,45,49.580338,17.7506974,0,5.6,0.0,387.83
1746258737.8723567,1746258737.9386795,1746258741.1776557,49.5786134,17.749731,0,44,49.5791575,17.749955,0,5.35,0.0,268.71
1746258746.3078818,1746258746.372689,1746258749.5488822,49.5780596,17.7495861,0,45,49.5786134,17.749731,0,5.49,0.0,279.5
1746258754.673702,1746258754.845493,1746258758.727378,49.5769189,17.7495487,0,46,49.577494,17.7495292,0,4.44,0.0,305.91
1746258763.8682494,1746258763.9399674,1746258767.9782717,49.5757541,17.7497242,0,47,49.576342,17.7496257,0,4.98,0.0,847.78
1746258773.123768,1746258773.1693187,1746258777.9892175,49.5745761,17.7499342,0,49,49.5751639,17.7498231,0,3.62,0.0,425.25
1746258783.174994,1746258783.2440336,1746258786.4093091,49.5732846,17.7498398,0,54,49.5739575,17.7499542,0,5.72,0.0,387.41
1746258791.618597,1746258791.6856732,1746258795.9204676,49.5724252,17.7495673,0,60,49.5732846,17.7498398,0,4.19,0.0,444.12
1746258801.1925237,1746258801.262557,1746258805.22695,49.571692,17.7491641,0,60,49.5724252,17.7495673,0,4.45,0.0,391.22
1746258810.45165,1746258810.5013206,1746258815.25118,49.571692,17.7491641,0,60,49.5724252,17.7495673,0,3.74,0.0,499.3
1746258820.366988,1746258820.42918,1746258824.9788718,49.571692,17.7491641,0,60,49.5724252,17.7495673,0,3.9,0.0,477.48
1746258830.0967655,1746258830.133447,1746258834.3607059,49.571692,17.7491641,0,60,49.5724252,17.7495673,0,4.15,0.0,398.56
1746258839.4945323,1746258839.56899,1746258844.561429,49.571692,17.7491641,0,60,49.5724252,17.7495673,0,3.58,0.0,551.65
1746258849.6969137,1746258849.7804835,1746258854.4963684,49.571692,17.7491641,0,60,49.5724252,17.7495673,0,3.69,0.0,414.26
1746258859.622375,1746258859.6846414,1746258863.2827103,49.5637588,17.7369307,0,77,49.5646308,17.7392867,0,5.06,0.0,459.4
1746258868.391164,1746258868.4570663,1746258872.2837956,49.5633178,17.7355495,0,78,49.5637588,17.7369307,0,4.6,0.0,375.24
1746258877.3906882,1746258877.4308991,1746258881.1977959,49.562488,17.7327252,0,82,49.5628821,17.7341837,0,5.05,0.0,617.79
1746258886.3080802,1746258886.3745089,1746258890.2153716,49.5618959,17.7294619,0,91,49.562217,17.7311343,0,4.73,0.0,480.89
1746258895.3346174,1746258895.604742,1746258900.8794816,49.561227,17.7259105,0,98,49.5615712,17.727726,0,3.27,0.0,410.42
1746258906.0098526,1746258906.0454528,1746258909.6470284,49.5604264,17.7222932,0,101,49.5608612,17.7241024,0,5.07,0.0,468.94
1746258914.7672188,1746258914.8074343,1746258919.5974395,49.560052,17.7204412,0,101,49.5604264,17.7222932,0,3.71,0.0,512.09
1746258924.707903,1746258924.7854373,1746258929.9465148,49.559341,17.7166882,0,100,49.5596923,17.7185689,0,3.46,0.0,568.52
1746258935.0560057,1746258935.0971231,1746258939.1897686,49.5586562,17.7129814,0,100,49.5590051,17.7148377,0,4.42,0.0,496.96
1746258944.2978425,1746258944.3669531,1746258949.5070431,49.5580553,17.7088779,0,99,49.5582526,17.7107683,0,3.71,0.0,852.99
1746258954.6162295,1746258954.6623142,1746258961.0921175,49.558406,17.7051,0,101,49.5581093,17.7069736,0,2.72,0.0,593.89
1746258966.2009387,1746258966.2740612,1746258972.6649635,49.5592278,17.6994576,0,99,49.5590067,17.7013393,0,2.67,0.0,448.9
1746258977.7721527,1746258977.84523,1746258985.371847,49.5590269,17.6960336,0,100,49.5592007,17.697541,0,2.23,0.0,404.44
1746258990.480681,1746258990.5652392,1746258997.4486442,49.557837,17.6922494,0,99,49.558502,17.693905,0,2.5,0.0,527.98
1746259002.5564122,1746259002.6351783,1746259009.5270004,49.5552941,17.6879997,0,98,49.5561638,17.689396,0,2.59,0.0,746.61
1746259014.6351533,1746259014.6893623,1746259019.2867196,49.5537004,17.685378,0,88,49.5544714,17.686658,0,3.95,0.0,571.08
1746259024.3943958,1746259024.4600606,1746259031.070941,49.5524578,17.682348,0,80,49.5530455,17.6840174,0,2.57,0.0,426.55
1746259036.1808999,1746259036.2465239,1746259043.1140437,49.5512836,17.6783227,0,74,49.5516672,17.6796344,0,2.47,0.0,436.66
1746259048.22221,1746259048.2884808,1746259053.7012951,49.5504974,17.6756585,0,75,49.5508898,17.6769773,0,3.42,0.0,764.48
1746259058.8114166,1746259058.853802,1746259065.357891,49.5497155,17.6730028,0,75,49.5501005,17.6743218,0,2.6,0.0,393.71
1746259070.470374,1746259070.5304608,1746259076.0299144,49.5489442,17.6703451,0,76,49.5493287,17.6716737,0,3.22,0.0,558.3
1746259081.138304,1746259081.2096086,1746259085.1435874,49.5481516,17.6676664,0,76,49.5485526,17.6690088,0,4.51,0.0,408.32
1746259090.2518613,1746259090.3252456,1746259095.901349,49.5473964,17.6650639,0,72,49.5477665,17.6663515,0,3.41,0.0,917.58
1746259101.0171356,1746259101.0680113,1746259105.035486,49.547011,17.6638347,0,70,49.547011,17.6638347,0,4.47,0.0,415.13
1746259110.147899,1746259110.1844206,1746259120.7350595,49.5460092,17.6614126,0,67,49.547011,17.6638347,0,1.58,0.0,514.87
1746259125.8444662,1746259125.891195,1746259130.9912791,49.5460092,17.6614126,0,67,49.547011,17.6638347,0,3.31,0.0,300.5
1746259136.1010964,1746259136.182835,1746259141.7267632,49.5460092,17.6614126,0,67,49.547011,17.6638347,0,3.17,0.0,527.1
1746259146.8466516,1746259146.9132302,1746259151.3614295,49.5433043,17.6546333,0,39,49.5460092,17.6614126,0,3.97,0.0,446.36
1746259156.5042677,1746259156.5694232,1746259163.2763398,49.5430711,17.6528505,0,26,49.5431701,17.6535979,0,2.53,0.0,417.46
1746259168.3928201,1746259168.461388,1746259174.3953693,49.5429637,17.6521115,0,12,49.5430028,17.6524187,0,2.83,0.0,321.54
1746259179.5188055,1746259179.5789373,1746259183.362081,49.5429235,17.6518697,0,4,49.5429472,17.6519587,0,4.66,0.0,376.34
1746259188.4768548,1746259188.518661,1746259193.4777758,49.5429096,17.6518256,0,0,49.5429188,17.6518382,0,3.5,0.0,417.85
1746259198.586065,1746259198.665206,1746259203.6292367,49.5428974,17.6518345,0,1,49.54291,17.6518342,0,3.74,0.0,715.38
1746259208.7389765,1746259208.812315,1746259214.4610734,49.542906,17.6518311,0,0,49.5429006,17.6518269,0,3.03,0.0,399.21
1746259219.5680923,1746259219.6475291,1746259223.7911084,49.5429151,17.651835,0,1,49.5429111,17.6518301,0,4.27,0.0,418.66
1746259228.919178,1746259228.9647067,1746259233.2775433,49.5429126,17.6518464,0,0,49.5429046,17.6518361,0,4.19,0.0,524.44
1746259238.3996372,1746259238.468409,1746259242.2839246,49.5429299,17.6518429,0,0,49.5429126,17.6518376,0,4.71,0.0,440.16
1746259247.414828,1746259247.480512,1746259250.746875,49.5429166,17.6518448,0,0,49.5429304,17.6518394,0,5.62,0.0,439.24
1746259255.8926358,1746259255.9662728,1746259260.182889,49.5429161,17.6518454,0,0,49.5429166,17.6518448,0,4.11,0.0,350.4
1746259265.3226788,1746259265.3854163,1746259269.8687193,49.5429062,17.6517833,0,5,49.5429203,17.6518401,0,4.05,0.0,558.01
1746259274.9835515,1746259275.0325413,1746259278.788336,49.5428231,17.6513071,0,17,49.5428663,17.6515899,0,4.7,0.0,371.48
1746259283.8993547,1746259283.9460616,1746259287.5372772,49.5426449,17.6504019,0,29,49.5427498,17.6509021,0,5.03,0.0,429.85
1746259292.6482437,1746259292.6937625,1746259296.8319235,49.5425094,17.6498059,0,34,49.5426449,17.6504019,0,4.35,0.0,488.17
1746259302.1623492,1746259302.227549,1746259306.7018206,49.5421028,17.6484997,0,35,49.5423034,17.649161,0,3.88,0.0,376.47
1746259311.8262472,1746259311.8714368,1746259316.1038258,49.541644,17.6471912,0,37,49.5418783,17.647839,0,4.33,0.0,562.24
1746259321.2182467,1746259321.283229,1746259326.0897963,49.5410378,17.645832,0,37,49.5413134,17.64645,0,3.75,0.0,571.7
1746259331.2022328,1746259331.273282,1746259335.4286532,49.540436,17.6446345,0,40,49.5407473,17.6452282,0,4.25,0.0,412.38
1746259340.543717,1746259340.5837271,1746259344.3829083,49.5398737,17.6434024,0,39,49.5401573,17.6440101,0,4.85,0.0,523.12
1746259349.5010135,1746259349.5442283,1746259353.2254903,49.5393258,17.6421882,0,38,49.5395913,17.6427946,0,4.8,0.0,369.14
1746259358.3368852,1746259358.4028656,1746259362.4381886,49.5390621,17.6415547,0,39,49.5393258,17.6421882,0,4.52,0.0,522.16
1746259367.5495226,1746259367.6253698,1746259371.2439096,49.5386305,17.6402691,0,37,49.5388479,17.6409211,0,4.81,0.0,311.52
1746259376.3558125,1746259376.426996,1746259380.13793,49.5382503,17.6389403,0,37,49.5384272,17.6396035,0,4.98,0.0,521.05
1746259385.2499318,1746259385.2995336,1746259389.6336775,49.5379489,17.6375643,0,37,49.538104,17.6382696,0,4.1,0.0,456.33
1746259394.7442975,1746259394.7902548,1746259398.8177862,49.5377009,17.6360107,0,37,49.5378317,17.6368605,0,4.62,0.0,590.73
1746259403.9273713,1746259404.004071,1746259407.5495436,49.5377009,17.6360107,0,37,49.5378317,17.6368605,0,5.03,0.0,388.71
1746259412.6654203,1746259412.717198,1746259416.2320619,49.5377009,17.6360107,0,37,49.5378317,17.6368605,0,5.04,0.0,360.07
1746259421.345385,1746259421.4051027,1746259428.4475663,49.5377009,17.6360107,0,37,49.5378317,17.6368605,0,2.36,0.0,316.25
1746259433.5633967,1746259433.612544,1746259440.9371228,49.5377009,17.6360107,0,37,49.5378317,17.6368605,0,2.39,0.0,681.66
1746259446.0478337,1746259446.1112072,1746259453.0100234,49.5370163,17.6289833,0,40,49.5377009,17.6360107,0,2.47,0.0,471.72
1746259458.1209853,1746259458.2029648,1746259463.731681,49.5368469,17.6271508,0,39,49.5369263,17.6279163,0,3.27,0.0,667.99
1746259468.8442192,1746259468.9274566,1746259475.0423207,49.5366226,17.6248247,0,40,49.5366957,17.6256021,0,2.88,0.0,593.73
1746259480.1542594,1746259480.2231834,1746259490.8213944,49.5364785,17.6233,0,40,49.5365437,17.6240635,0,0.98,0.0,563.09
1746259495.9340332,1746259495.9751177,1746259501.5347774,49.5362654,17.6210791,0,38,49.5363416,17.621812,0,3.17,0.0,553.76
1746259506.6503685,1746259506.696929,1746259514.7833333,49.5361199,17.619648,0,37,49.5361883,17.6203594,0,2.09,0.0,469.17
1746259519.8998535,1746259519.9657087,1746259524.5864446,49.5359694,17.617581,0,37,49.5360405,17.6182769,0,3.91,0.0,552.14
1746259529.6968603,1746259529.7693655,1746259535.4179976,49.5358307,17.6161566,0,34,49.5358973,17.6169211,0,3.13,0.0,579.01
1746259540.5320218,1746259540.605043,1746259546.5470164,49.5357203,17.6148733,0,34,49.5358307,17.6161566,0,3.0,0.0,646.9
1746259551.6556263,1746259551.7313366,1746259555.952723,49.5355802,17.613471,0,42,49.5356524,17.6142038,0,4.31,0.0,535.02
1746259561.0613916,1746259561.105558,1746259566.9619162,49.5354125,17.6116745,0,53,49.5355038,17.6126281,0,3.01,0.0,581.25
1746259572.070333,1746259572.1150265,1746259577.0362086,49.5351938,17.6094353,0,64,49.5353199,17.6106066,0,3.7,0.0,631.24
1746259582.1437929,1746259582.1901696,1746259587.7402387,49.5349491,17.6068585,0,69,49.5350751,17.6081836,0,3.07,0.0,365.88
1746259592.8501678,1746259592.9343426,1746259598.6857271,49.5346777,17.6039559,0,79,49.5348194,17.6054441,0,3.03,0.0,498.21
1746259603.8017185,1746259603.8478804,1746259610.0720654,49.5343732,17.6007719,0,86,49.5345221,17.6023873,0,2.85,0.0,643.64
1746259615.1794608,1746259615.2434056,1746259619.9430077,49.5338937,17.5956385,0,84,49.5340625,17.5975421,0,3.75,0.0,459.84
1746259625.0526507,1746259625.1002772,1746259631.3821323,49.5337371,17.5940447,0,83,49.5338937,17.5956385,0,2.74,0.0,486.89
1746259636.49496,1746259636.5430913,1746259642.442099,49.5332698,17.5892713,0,83,49.533435,17.590856,0,3.29,0.0,1069.81
1746259647.5513968,1746259647.6154208,1746259652.4071984,49.5329874,17.586137,0,82,49.5331344,17.5877085,0,3.89,0.0,704.85
1746259657.5234606,1746259657.5884628,1746259662.4759152,49.5327009,17.5830436,0,79,49.5328586,17.5845827,0,3.67,0.0,562.59
1746259667.605261,1746259667.645925,1746259674.1263647,49.5324107,17.5801975,0,72,49.532557,17.5815862,0,2.58,0.0,329.59
1746259679.2417076,1746259679.3055134,1746259684.571244,49.5318504,17.5777141,0,63,49.5321889,17.5788763,0,3.41,0.0,599.13
1746259689.7012303,1746259689.7663717,1746259695.332565,49.5312029,17.5760792,0,37,49.5314955,17.5767846,0,3.3,0.0,744.03
1746259700.4476428,1746259700.4903326,1746259706.1314657,49.5309702,17.5756228,0,21,49.5312029,17.5760792,0,3.33,0.0,875.58
1746259711.2566442,1746259711.323341,1746259715.371511,49.5309702,17.5756228,0,21,49.5312029,17.5760792,0,4.74,0.0,692.85
1746259720.595389,1746259720.6614287,1746259724.4409463,49.5309702,17.5756228,0,21,49.5312029,17.5760792,0,4.65,0.0,365.4
1746259729.5697663,1746259729.6358774,1746259733.6993628,49.5309702,17.5756228,0,21,49.5312029,17.5760792,0,4.34,0.0,402.52
1746259738.8150585,1746259738.861269,1746259742.4319513,49.5309702,17.5756228,0,21,49.5312029,17.5760792,0,4.92,0.0,337.39
1746259747.5437431,1746259747.5905504,1746259753.1806464,49.528389,17.5714106,0,43,49.5309702,17.5756228,0,3.1,0.0,471.08
1746259758.3051121,1746259758.3479,1746259761.8379161,49.5277441,17.570004,0,44,49.528061,17.5707259,0,4.96,0.0,286.4
1746259766.9684224,1746259767.0092092,1746259771.4368708,49.5272158,17.5683326,0,53,49.5274709,17.5692274,0,4.05,0.0,506.98
1746259776.6103265,1746259776.6813262,1746259781.8016407,49.5268921,17.5661547,0,61,49.5270225,17.5673135,0,3.51,0.0,591.65
1746259786.9522777,1746259787.0184884,1746259791.8349311,49.5268988,17.5635364,0,70,49.5268707,17.5648856,0,3.61,0.0,412.91
1746259797.096844,1746259797.1725016,1746259803.9718513,49.5269064,17.5605593,0,81,49.5269066,17.5620762,0,2.68,0.0,860.39
1746259809.090122,1746259809.1537015,1746259817.6377647,49.526949,17.5572453,0,90,49.5269212,17.5589473,0,2.11,0.0,961.55
1746259822.7532332,1746259822.7966785,1746259827.2755005,49.5269749,17.5513526,0,100,49.5269612,17.5536297,0,3.92,0.0,426.2
1746259832.3863585,1746259832.4307249,1746259837.907418,49.5266398,17.5474563,0,105,49.5269329,17.5494204,0,3.57,0.0,1030.83
1746259843.0164585,1746259843.0583537,1746259849.6424274,49.5253426,17.5438039,0,112,49.5260939,17.5455785,0,2.87,0.0,1053.11
1746259854.7594273,1746259854.8091211,1746259863.319138,49.5236674,17.5401998,0,119,49.52452,17.5420234,0,2.05,0.0,771.54
1746259868.44063,1746259868.48919,1746259879.1407797,49.5211163,17.534574,0,121,49.5219869,17.5364606,0,1.64,0.0,950.48
1746259884.303192,1746259884.3688853,1746259891.2765563,49.5185156,17.5288916,0,120,49.5193664,17.5307842,0,2.83,0.0,1287.32
1746259896.4013112,1746259896.471251,1746259903.5066972,49.5172036,17.5247765,0,117,49.5177251,17.5269304,0,2.42,0.0,480.54
1746259908.62396,1746259908.68418,1746259914.4390483,49.5167557,17.5174254,0,120,49.5168975,17.5201695,0,3.06,0.0,554.84
1746259919.6216826,1746259919.6989207,1746259924.6577873,49.515804,17.513102,0,119,49.516441,17.5151795,0,3.65,0.0,599.73
1746259929.771997,1746259929.8135736,1746259934.2629325,49.5138063,17.5097035,0,119,49.5148844,17.5112923,0,3.98,0.0,456.47
1746259939.4154682,1746259939.4824889,1746259945.7942772,49.5116391,17.5065967,0,118,49.5127267,17.5081473,0,3.04,0.0,1091.2
1746259950.9095268,1746259950.9899495,1746259956.242666,49.5094504,17.5033492,0,123,49.5105367,17.505017,0,3.3,0.0,439.3
1746259961.3679001,1746259961.4107897,1746259966.996039,49.5076541,17.4993623,0,128,49.5084622,17.5014379,0,3.01,0.0,312.08
1746259972.1473765,1746259972.2104921,1746259977.4391863,49.5062041,17.4948213,0,133,49.506944,17.4971209,0,3.37,0.0,517.56
1746259982.5726411,1746259982.6148775,1746259986.6649792,49.5054707,17.4924924,0,134,49.5054707,17.4924924,0,4.79,0.0,733.4
1746259991.8262484,1746259991.8925605,1746259998.5949538,49.5031345,17.484982,0,134,49.5042949,17.4887544,0,2.56,0.0,496.53
1746260003.7227588,1746260003.766382,1746260007.8429272,49.5023887,17.4826577,0,135,49.5031345,17.484982,0,4.29,0.0,370.47
1746260013.1493082,1746260013.2186847,1746260021.7503533,49.5023887,17.4826577,0,135,49.5031345,17.484982,0,4.99,0.0,5348.49
1746260026.88439,1746260026.9449687,1746260032.5299032,49.5023887,17.4826577,0,135,49.5031345,17.484982,0,3.14,0.0,532.13
1746260037.6595602,1746260037.7393086,1746260041.528937,49.5023887,17.4826577,0,135,49.5031345,17.484982,0,4.77,0.0,460.18
1746260046.6414554,1746260046.7164426,1746260050.7190137,49.4905231,17.466987,0,133,49.5023887,17.4826577,0,4.36,0.0,354.18
1746260055.833367,1746260055.871252,1746260069.9928334,49.4870494,17.4629415,0,132,49.4886676,17.464809,0,1.08,0.0,415.82
1746260075.226477,1746260075.2848673,1746260079.6356146,49.4817519,17.4567582,0,131,49.4830902,17.4582949,0,4.31,0.0,663.05
1746260084.818659,1746260084.9010217,1746260089.6991198,49.4792065,17.4537898,0,120,49.4804403,17.4552168,0,3.67,0.0,468.83
1746260094.8106687,1746260094.8512924,1746260099.4038744,49.477025,17.4512352,0,105,49.4780849,17.4524584,0,3.97,0.0,553.54
1746260104.5186281,1746260104.5834093,1746260108.3122203,49.4759619,17.450151,0,101,49.477025,17.4512352,0,4.84,0.0,447.06
1746260113.4271853,1746260113.4682744,1746260118.4438658,49.4737602,17.4484933,0,94,49.4748777,17.4492068,0,3.56,0.0,508.33
1746260123.5632977,1746260123.815292,1746260132.9157422,49.4716025,17.4475362,0,86,49.4726806,17.4479272,0,1.83,0.0,409.81
1746260138.0278037,1746260138.0958402,1746260142.3459733,49.4685,17.4468827,0,74,49.4694129,17.4471064,0,4.79,0.0,932.24
1746260147.5004246,1746260147.5616405,1746260151.0502431,49.466938,17.4460648,0,57,49.4676575,17.4465185,0,5.28,0.0,478.64
1746260156.208765,1746260156.2789383,1746260159.800653,49.4659938,17.4451863,0,35,49.4663858,17.4455917,0,5.38,0.0,568.03
1746260164.9181056,1746260164.956113,1746260169.5501494,49.4656937,17.4448786,0,26,49.4659938,17.4451863,0,3.82,0.0,432.24
1746260174.793003,1746260174.8614464,1746260178.79924,49.4653135,17.444365,0,16,49.465504,17.4446055,0,4.37,0.0,300.46
1746260183.9345984,1746260183.9742312,1746260187.8199122,49.4648862,17.4436785,0,29,49.465118,17.4440731,0,4.67,0.0,441.99
1746260192.9324806,1746260192.9735153,1746260197.9062421,49.4643301,17.4426472,0,37,49.4646126,17.4432101,0,3.61,0.0,534.28
1746260203.0562062,1746260203.1222615,1746260212.187841,49.4637406,17.4413396,0,38,49.4640625,17.4420669,0,1.84,0.0,421.36
1746260217.4188635,1746260217.4957192,1746260222.061696,49.4629213,17.4395272,0,38,49.4632035,17.4401236,0,3.8,0.0,384.38
1746260227.1768768,1746260227.2421758,1746260232.0561275,49.4623397,17.4383061,0,40,49.4626289,17.4389288,0,3.66,0.0,469.11
1746260237.246929,1746260237.3164117,1746260243.5261815,49.4617278,17.4371057,0,41,49.4620491,17.4377053,0,2.75,0.0,429.71
1746260248.6364772,1746260248.7043612,1746260252.5075514,49.4609165,17.4358557,0,47,49.4613472,17.4364695,0,4.5,0.0,268.5
1746260257.7027004,1746260257.7596083,1746260261.5090225,49.4599293,17.4348291,0,46,49.4604281,17.4353076,0,4.84,0.0,468.57
1746260266.6198232,1746260266.6832044,1746260271.2946577,49.4594141,17.4344272,0,45,49.4599293,17.4348291,0,3.92,0.0,555.5
1746260276.441605,1746260276.509697,1746260281.7264345,49.4582744,17.4338068,0,48,49.4588478,17.4340676,0,3.41,0.0,559.13
1746260286.8814242,1746260286.929378,1746260291.1437833,49.4570234,17.4331179,0,46,49.4577051,17.433534,0,4.14,0.0,380.38
1746260296.264029,1746260296.3353906,1746260302.6100786,49.4561141,17.4322155,0,41,49.4565114,17.4327016,0,2.8,0.0,600.86
1746260307.7245526,1746260307.789167,1746260317.825283,49.4561141,17.4322155,0,41,49.4565114,17.4327016,0,1.65,0.0,406.47
1746260322.947254,1746260323.0136685,1746260328.2707436,49.4561141,17.4322155,0,41,49.4565114,17.4327016,0,3.53,0.0,750.4
1746260333.3939083,1746260333.4592226,1746260338.101156,49.4561141,17.4322155,0,41,49.4565114,17.4327016,0,4.09,0.0,752.24
1746260343.2094364,1746260343.2744842,1746260346.9888172,49.4561141,17.4322155,0,41,49.4565114,17.4327016,0,5.04,0.0,560.8
1746260352.0972173,1746260352.1511307,1746260356.3295243,49.4540028,17.4244941,0,27,49.4561141,17.4322155,0,4.31,0.0,490.98
1746260361.4479203,1746260361.5087013,1746260365.2459962,49.4538857,17.4235466,0,23,49.453946,17.424015,0,4.77,0.0,408.04
1746260370.3639712,1746260370.431705,1746260374.5576847,49.4537869,17.4226409,0,25,49.4538442,17.4230887,0,4.57,0.0,649.37
1746260379.6894197,1746260379.7565186,1746260384.590515,49.4536451,17.4216981,0,25,49.4537091,17.422157,0,3.7,0.0,535.19
1746260389.7150252,1746260389.7855577,1746260394.5235243,49.45353,17.4207515,0,23,49.4535907,17.4212178,0,3.98,0.0,749.15
1746260399.649454,1746260399.6963286,1746260406.0981536,49.4534266,17.4197937,0,26,49.4534817,17.4202779,0,2.67,0.0,460.47
1746260411.2244282,1746260411.2974617,1746260417.027243,49.4533071,17.4188599,0,25,49.453374,17.419316,0,3.06,0.0,534.78
1746260422.1548016,1746260422.2014132,1746260433.0957716,49.453183,17.4178621,0,27,49.4532529,17.4183851,0,1.27,0.0,893.68
1746260438.2149208,1746260438.2870696,1746260446.8571577,49.4529885,17.4162756,0,26,49.453053,17.4167733,0,2.1,0.0,987.69
1746260451.9760635,1746260452.0195143,1746260460.4422507,49.4527825,17.4147985,0,27,49.4528552,17.415295,0,2.12,0.0,927.47
1746260465.5643446,1746260465.6311734,1746260476.3456333,49.4525789,17.4133214,0,26,49.4526356,17.4138132,0,1.31,0.0,678.61
1746260481.4869945,1746260481.5496817,1746260492.9345539,49.4523585,17.4116354,0,37,49.4524438,17.4122995,0,1.18,0.0,939.17
1746260498.0520654,1746260498.0996614,1746260506.4595313,49.4520333,17.409053,0,54,49.4521554,17.4100209,0,2.25,0.0,1298.66
1746260511.5842943,1746260511.6489837,1746260522.6311831,49.4515848,17.4052873,0,68,49.4517225,17.4065605,0,1.02,0.0,946.27
1746260527.746649,1746260527.7820158,1746260532.5879118,49.4516964,17.4008749,0,82,49.4515502,17.4024264,0,3.76,0.0,584.99
1746260537.7073023,1746260537.7613547,1746260542.3647664,49.4524055,17.397668,0,91,49.4519729,17.3992843,0,3.81,0.0,434.81
1746260547.4900062,1746260547.536636,1746260551.9237442,49.4535305,17.3943954,0,97,49.4529549,17.3960515,0,4.08,0.0,490.37
1746260557.101287,1746260557.1712706,1746260562.1588721,49.4546877,17.3910083,0,99,49.4541022,17.3927092,0,3.38,0.0,284.1
1746260567.2694552,1746260567.33386,1746260571.9537663,49.4559292,17.3874636,0,107,49.4552892,17.3892658,0,3.79,0.0,425.73
1746260577.090525,1746260577.1415234,1746260582.0578752,49.4572416,17.3837069,0,113,49.4565677,17.3856053,0,3.67,0.0,583.16
1746260587.1930468,1746260587.2603333,1746260597.7687721,49.4587754,17.379308,0,121,49.457925,17.3817429,0,0.45,0.0,499.61
1746260602.880746,1746260602.9207585,1746260613.5667458,49.4603018,17.3751344,0,126,49.4595186,17.3772342,0,1.35,0.0,610.59
1746260618.7063997,1746260618.7471976,1746260622.0964239,49.4603018,17.3751344,0,126,49.4595186,17.3772342,0,5.15,0.0,262.39
1746260627.4391022,1746260627.5188684,1746260632.5917492,49.4603018,17.3751344,0,126,49.4595186,17.3772342,0,3.55,0.0,590.22
1746260638.1006248,1746260638.1813564,1746260642.990564,49.4603018,17.3751344,0,126,49.4595186,17.3772342,0,3.76,0.0,581.03
1746260650.3111694,1746260650.4886596,1746260655.7614446,49.4716775,17.3548202,0,152,49.4603018,17.3751344,0,3.2,0.0,308.04
1746260661.301486,1746260661.35629,1746260666.1428185,49.4742823,17.3504804,0,155,49.472969,17.3526638,0,3.59,0.0,352.96
1746260674.2877676,1746260674.3562005,1746260680.3020477,49.4782912,17.3437539,0,157,49.4769419,17.3460203,0,2.89,0.0,449.93
1746260685.4536083,1746260685.5024872,1746260690.9857512,49.4810006,17.3392417,0,160,49.4796478,17.3414992,0,3.23,0.0,567.2
1746260696.1137624,1746260696.1531382,1746260700.6113408,49.4837045,17.3347088,0,158,49.4823541,17.3369796,0,3.88,0.0,362.7
1746260705.8050277,1746260705.8820002,1746260709.4226096,49.4865569,17.330429,0,158,49.4850878,17.3324955,0,5.17,0.0,463.94
1746260714.7574422,1746260720.8082845,1746260735.3126693,49.4915258,17.3254715,0,158,49.4897865,17.3269097,0,1.74,0.0,5355.43
1746260740.7441382,1746260740.927643,1746260744.8307865,49.4994313,17.3212351,0,158,49.4975198,17.3221145,0,4.55,0.0,411.08
1746260750.0007253,1746260750.0664463,1746260754.09068,49.5032651,17.3194828,0,159,49.5013604,17.3203524,0,4.26,0.0,290.47
1746260759.2138362,1746260759.276411,1746260765.06446,49.5070857,17.3177285,0,158,49.5051768,17.3186017,0,2.99,0.0,474.76
1746260770.5120914,1746260770.586877,1746260774.4802198,49.5108793,17.3159979,0,158,49.5089778,17.3168713,0,4.51,0.0,369.96
1746260779.8244638,1746260784.9512107,1746260788.9273856,49.5165995,17.3133539,0,160,49.5146813,17.3142415,0,4.48,0.0,425.46
1746260794.146604,1746260794.211572,1746260799.0503933,49.5204116,17.311578,0,160,49.5185062,17.3124588,0,3.59,0.0,408.27
1746260804.390908,1746260804.4570398,1746260808.3808682,49.5246379,17.3096695,0,159,49.5227216,17.3105435,0,4.51,0.0,401.66
1746260813.614918,1746260813.684285,1746260818.2065384,49.5284497,17.3079078,0,158,49.5265521,17.3087684,0,3.89,0.0,432.71
1746260823.410171,1746260823.460265,1746260827.73126,49.5322552,17.3061518,0,160,49.5303516,17.3070362,0,4.61,0.0,824.95
1746260832.978307,1746260833.0258255,1746260836.5040174,49.5341676,17.3052828,0,159,49.5322552,17.3061518,0,5.05,0.0,329.21
1746260841.7717292,1746260841.8155177,1746260845.372062,49.5379444,17.3035272,0,160,49.5360388,17.3043997,0,4.9,0.0,314.82
1746260851.2196596,1746260851.3108554,1746260855.0457525,49.5417526,17.3017834,0,159,49.5398531,17.3026557,0,4.65,0.0,320.09
1746260860.3134265,1746260860.3590646,1746260864.2001944,49.5455694,17.3000245,0,159,49.543662,17.3009049,0,4.6,0.0,385.06
1746260869.3998346,1746260869.4509997,1746260873.4192493,49.5494061,17.298247,0,159,49.5474955,17.2991259,0,4.5,0.0,438.06
1746260878.538766,1746260878.607752,1746260883.1005244,49.5517003,17.2971958,0,160,49.5494061,17.298247,0,4.08,0.0,597.3
1746260888.3014624,1746260888.3492196,1746260893.5418801,49.5555264,17.2954616,0,159,49.5536126,17.2963259,0,3.32,0.0,405.54
1746260898.7179255,1746260898.798081,1746260902.338078,49.5593048,17.2937176,0,156,49.5574222,17.294592,0,4.93,0.0,316.03
1746260907.5128503,1746260907.5499449,1746260923.3493414,49.5593048,17.2937176,0,156,49.5574222,17.294592,0,-1,0.0,-1
1746260928.470712,1746260928.5402596,1746260932.264721,49.5593048,17.2937176,0,156,49.5574222,17.294592,0,4.78,0.0,402.43
1746260937.3909264,1746260937.4391327,1746260941.684448,49.5593048,17.2937176,0,156,49.5574222,17.294592,0,4.21,0.0,475.03
1746260946.797298,1746260946.8697665,1746260951.1426342,49.5593048,17.2937176,0,156,49.5574222,17.294592,0,4.25,0.0,537.5
1746260956.287671,1746260956.3641012,1746260960.589773,49.5750874,17.286429,0,47,49.574512,17.2867005,0,4.22,0.0,463.87
1746260965.7018797,1746260965.7804537,1746260969.5465047,49.5760771,17.2859542,0,43,49.5756102,17.2861981,0,4.82,0.0,468.15
1746260974.6787539,1746260974.7253594,1746260979.0011392,49.5770134,17.2855371,0,39,49.5765455,17.2857353,0,4.25,0.0,534.13
1746260984.1505415,1746260984.188494,1746260988.9566631,49.5774719,17.2853392,0,38,49.5770134,17.2855371,0,3.72,0.0,493.38
1746260994.091348,1746260994.152176,1746260998.198734,49.5782586,17.2849766,0,28,49.5779051,17.2851572,0,4.56,0.0,564.97
1746261003.3477256,1746261003.4153016,1746261007.8270822,49.5788035,17.2847114,0,21,49.5785634,17.2848315,0,4.0,0.0,441.89
1746261012.9512646,1746261013.001614,1746261017.2761948,49.579248,17.2845319,0,14,49.5790421,17.2846003,0,4.52,0.0,762.11
1746261022.3961143,1746261022.4662707,1746261026.2738025,49.5796449,17.2843376,0,15,49.5794649,17.2844249,0,4.83,0.0,514.43
1746261031.4310074,1746261031.4991302,1746261036.906817,49.5800653,17.2841455,0,21,49.5798263,17.2842571,0,3.23,0.0,492.61
1746261042.0196376,1746261042.0895693,1746261047.3172307,49.5807522,17.2838278,0,32,49.5803693,17.2839936,0,3.4,0.0,551.7
1746261052.4533083,1746261052.4997728,1746261058.0050893,49.5816646,17.2834007,0,42,49.5811686,17.2836362,0,3.23,0.0,587.8
1746261063.1577659,1746261063.196637,1746261066.888919,49.5828911,17.2828371,0,56,49.5822418,17.2831384,0,4.91,0.0,457.9
1746261072.0515423,1746261072.1194599,1746261076.028687,49.5843906,17.282156,0,67,49.5836052,17.2825186,0,4.5,0.0,376.57
1746261081.2369936,1746261081.2824807,1746261086.0508235,49.5860666,17.2814335,0,70,49.5852196,17.281812,0,4.32,0.0,1091.9
1746261091.1847951,1746261091.2589068,1746261096.3015149,49.5876978,17.2806909,0,65,49.5869097,17.2810628,0,3.53,0.0,537.57
1746261101.436217,1746261101.4999065,1746261107.704596,49.5892651,17.2800022,0,57,49.5885618,17.2803004,0,2.8,0.0,536.51
1746261112.8214502,1746261112.8908925,1746261119.0120618,49.590569,17.2794347,0,50,49.5899285,17.2797122,0,2.78,0.0,410.87
1746261124.1258657,1746261124.1615956,1746261128.2953272,49.5916601,17.2789447,0,42,49.591153,17.2791702,0,4.26,0.0,402.87
1746261133.4102733,1746261133.4538145,1746261137.0606346,49.5924156,17.2785888,0,23,49.5921174,17.2787243,0,5.17,0.0,533.38
1746261142.181986,1746261142.2479217,1746261146.3211284,49.5925815,17.2785018,0,1,49.5925485,17.2785308,0,4.5,0.0,544.35
1746261151.4403846,1746261151.479592,1746261156.7188973,49.5925757,17.2785132,0,0,49.5925815,17.2785018,0,3.53,0.0,733.52
1746261161.8290052,1746261161.9127128,1746261165.325513,49.59257,17.2785186,0,0,49.5925729,17.2785311,0,5.53,0.0,540.92
1746261170.4357104,1746261170.5056386,1746261173.8387554,49.5925625,17.2785365,0,0,49.5925733,17.2785232,0,5.39,0.0,382.88
1746261178.95707,1746261179.0441198,1746261182.43716,49.5925616,17.2785309,0,2,49.5925541,17.2785356,0,5.32,0.0,408.54
1746261187.5502403,1746261187.6259966,1746261190.9465046,49.5925523,17.2785254,0,0,49.5925571,17.2785299,0,5.91,0.0,633.07
1746261196.120526,1746261196.1879802,1746261199.1399903,49.5925566,17.2785126,0,0,49.5925523,17.2785254,0,5.86,0.0,238.98
1746261204.2865095,1746261204.331301,1746261207.5971985,49.5925759,17.2784793,0,0,49.5925566,17.2785126,0,5.76,0.0,505.63
1746261212.74376,1746261212.7919722,1746261215.8489423,49.5925759,17.2784793,0,0,49.5925566,17.2785126,0,5.69,0.0,262.84
1746261220.983516,1746261221.0732193,1746261224.049764,49.5925759,17.2784793,0,0,49.5925566,17.2785126,0,5.9,0.0,282.52
1746261229.1717565,1746261229.2412572,1746261232.1665645,49.5925759,17.2784793,0,0,49.5925566,17.2785126,0,6.02,0.0,283.37
1746261237.3427413,1746261237.3899467,1746261241.2319734,49.5925759,17.2784793,0,0,49.5925566,17.2785126,0,4.6,0.0,388.94
1746261246.3504217,1746261246.419118,1746261250.184528,49.5925863,17.2785208,0,0,49.5925759,17.2784793,0,4.74,0.0,414.25
1746261255.3640504,1746261255.4518018,1746261259.1351156,49.5927155,17.2784513,0,7,49.59263,17.2784896,0,5.0,0.0,502.38
1746261264.3039496,1746261264.355815,1746261267.5367792,49.5930492,17.2782835,0,24,49.5928452,17.2783929,0,5.53,0.0,308.57
1746261272.6986623,1746261272.739905,1746261276.4582903,49.5933232,17.2781493,0,26,49.5930492,17.2782835,0,4.96,0.0,514.32
1746261281.5826333,1746261281.653558,1746261287.1927497,49.5941095,17.277804,0,36,49.5936837,17.2779965,0,3.23,0.0,611.81
1746261292.3059995,1746261292.3717206,1746261296.9517813,49.5951379,17.277312,0,46,49.5946005,17.2775643,0,4.15,0.0,748.61
1746261302.0746765,1746261302.1278012,1746261305.9542491,49.5964768,17.2767042,0,57,49.5957813,17.2770134,0,4.66,0.0,413.46
1746261311.0719492,1746261311.1627758,1746261314.8424416,49.5982175,17.275904,0,72,49.5973814,17.2763017,0,4.83,0.0,389.98
1746261319.9645123,1746261320.0384033,1746261324.456041,49.6000451,17.2750043,0,79,49.5991048,17.2754493,0,4.08,0.0,526.1
1746261329.5809987,1746261329.6407142,1746261334.6204846,49.6021209,17.2740571,0,89,49.6010667,17.2745095,0,4.16,0.0,1163.55
1746261339.7507055,1746261339.8165193,1746261344.4825995,49.60441,17.2729446,0,98,49.6032366,17.2735317,0,3.92,0.0,613.99
1746261349.5987492,1746261349.6672096,1746261355.5545712,49.6056333,17.2723511,0,106,49.60441,17.2729446,0,2.96,0.0,518.41
1746261360.6789327,1746261360.721361,1746261366.441208,49.6095503,17.270541,0,113,49.6081964,17.2711674,0,2.98,0.0,395.82
1746261371.5968463,1746261371.668015,1746261375.9406972,49.612387,17.2692204,0,121,49.6109509,17.2698882,0,4.22,0.0,507.45
1746261381.086766,1746261381.1711957,1746261384.889499,49.6153641,17.2678477,0,125,49.6138604,17.2685473,0,4.83,0.0,424.75
1746261390.0541413,1746261390.1019182,1746261393.5272405,49.6172106,17.2669946,0,129,49.6153641,17.2678477,0,5.11,0.0,313.71
1746261398.7784116,1746261398.8431973,1746261402.5892713,49.6203847,17.2655309,0,135,49.6187793,17.2662676,0,4.82,0.0,451.03
1746261407.7858794,1746261407.8614106,1746261411.986832,49.6237091,17.2640118,0,140,49.6220329,17.2647834,0,4.74,0.0,769.43
1746261417.1812475,1746261417.2295704,1746261426.2263467,49.627171,17.2624058,0,146,49.6254327,17.2632354,0,1.94,0.0,822.62
1746261431.391479,1746261431.4547327,1746261436.4786782,49.6325714,17.2599116,0,154,49.6307551,17.2607546,0,3.7,0.0,728.93
1746261441.6430588,1746261441.7192125,1746261447.1552129,49.6362996,17.2581768,0,158,49.6344191,17.2590625,0,3.17,0.0,426.14
1746261452.3112185,1746261457.6535556,1746261464.1853232,49.6419972,17.2555492,0,160,49.6400852,17.2564319,0,2.65,0.0,541.31
1746261469.3439884,1746261469.415701,1746261475.3240283,49.6462093,17.2535902,0,160,49.6442957,17.2544802,0,2.91,0.0,452.03
1746261480.48176,1746261480.5237167,1746261490.9663699,49.6500434,17.2518191,0,158,49.6481377,17.2527097,0,1.22,0.0,404.16
1746261496.123326,1746261496.162941,1746261501.885991,49.655723,17.2490467,0,158,49.6538493,17.2500518,0,3.06,0.0,536.96
1746261507.047795,1746261507.0950031,1746261516.5643973,49.655723,17.2490467,0,158,49.6538493,17.2500518,0,1.8,0.0,661.86
1746261521.7217433,1746261521.7870433,1746261527.1102626,49.655723,17.2490467,0,158,49.6538493,17.2500518,0,3.45,0.0,715.7
1746261532.2778506,1746261532.3244977,1746261539.0927858,49.655723,17.2490467,0,158,49.6538493,17.2500518,0,2.59,0.0,623.2
1746261544.2502308,1746261544.2931814,1746261548.7756999,49.6688409,17.2265033,0,160,49.655723,17.2490467,0,4.24,0.0,738.87
1746261553.9519966,1746261553.9995453,1746261561.4163303,49.6709948,17.2213256,0,159,49.669915,17.2239126,0,2.35,0.0,657.68
1746261566.599678,1746261566.6658938,1746261573.8995438,49.6741673,17.2135241,0,159,49.6731095,17.2161185,0,2.43,0.0,689.24
1746261579.0750623,1746261579.1190956,1746261588.72075,49.6762723,17.2083287,0,159,49.6752182,17.2109404,0,1.83,0.0,933.71
1746261593.8918545,1746261593.9579008,1746261603.6056857,49.6794515,17.2005245,0,160,49.6783881,17.2031302,0,1.76,0.0,636.1
1746261608.784457,1746261608.8566093,1746261613.5397937,49.6828459,17.192222,0,159,49.681788,17.1948091,0,3.78,0.0,483.86
1746261618.7114234,1746261618.75598,1746261624.9059277,49.6849807,17.1870058,0,160,49.6839213,17.1896136,0,2.77,0.0,415.26
1746261630.091421,1746261630.1587431,1746261636.3766077,49.6870874,17.1818057,0,160,49.6860381,17.1844048,0,2.76,0.0,460.36
1746261641.5395172,1746261641.605949,1746261648.3770494,49.6892123,17.1766019,0,159,49.6881456,17.1792033,0,2.62,0.0,707.96
1746261653.5287347,1746261653.5686686,1746261661.3340843,49.6923974,17.168805,0,159,49.6913397,17.1713953,0,2.27,0.0,778.38
1746261666.6237943,1746261666.6919029,1746261671.17298,49.6945153,17.1635932,0,159,49.6934516,17.1661962,0,3.84,0.0,339.03
1746261676.4379413,1746261676.5056112,1746261681.5136008,49.6966403,17.1583891,0,159,49.6955817,17.1609903,0,3.36,0.0,282.6
1746261686.7097,1746261686.7572088,1746261693.5159636,49.6989669,17.1526616,0,159,49.6976988,17.1557826,0,2.68,0.0,819.4
1746261698.71125,1746261698.776785,1746261702.8013067,49.7021306,17.1448729,0,158,49.7010764,17.1474631,0,4.47,0.0,473.03
1746261708.0705724,1746261708.1193223,1746261711.989457,49.7031906,17.1422793,0,158,49.7021306,17.1448729,0,4.47,0.0,314.07
1746261717.2182682,1746261717.2927432,1746261721.4956841,49.7052992,17.1370856,0,159,49.7042469,17.139684,0,4.17,0.0,391.11
1746261726.6711545,1746261726.7391582,1746261732.7058349,49.7074131,17.1318902,0,159,49.7063553,17.1344904,0,2.81,0.0,313.89
1746261737.8313887,1746261737.8998811,1746261742.0675232,49.7095395,17.1266915,0,159,49.7084799,17.1292959,0,4.3,0.0,467.87
1746261747.2587757,1746261747.3022134,1746261751.781877,49.711658,17.1214801,0,159,49.7105993,17.1240883,0,3.98,0.0,487.44
1746261756.9481802,1746261757.020656,1746261761.3753555,49.7137778,17.1162753,0,159,49.7127169,17.1188761,0,4.01,0.0,394.42
1746261766.544277,1746261766.584738,1746261772.5728412,49.7158923,17.1110624,0,159,49.7148367,17.1136721,0,2.84,0.0,383.67
1746261777.7364419,1746261777.7789342,1746261786.3164487,49.7182089,17.1053477,0,159,49.7171574,17.1079433,0,1.98,0.0,527.22
1746261791.6298273,1746261791.7112324,1746261803.4975712,49.7214276,17.0976235,0,159,49.7203396,17.1001742,0,1.24,0.0,1544.34
1746261808.719813,1746261808.7853127,1746261816.2489212,49.7214276,17.0976235,0,159,49.7203396,17.1001742,0,2.56,0.0,1265.09
1746261821.5455604,1746261821.6103292,1746261827.8531344,49.7214276,17.0976235,0,159,49.7203396,17.1001742,0,2.88,0.0,728.22
1746261833.0901074,1746261833.1364038,1746261841.8039408,49.7214276,17.0976235,0,159,49.7203396,17.1001742,0,1.97,0.0,610.91
1746261846.9836807,1746261847.0523348,1746261854.4473736,49.7323438,17.0705019,0,159,49.7214276,17.0976235,0,2.44,0.0,886.56
1746261859.556693,1746261864.7898326,1746261870.3085015,49.7371152,17.0584707,0,159,49.7361284,17.0611191,0,3.2,0.0,559.01
1746261875.4310877,1746261875.4724643,1746261884.5367713,49.7390987,17.0532277,0,155,49.7381148,17.0558332,0,1.86,0.0,524.9
1746261889.7747073,1746261889.8459108,1746261902.8280094,49.740952,17.0482307,0,144,49.7400397,17.0506722,0,0.42,0.0,1371.48
1746261908.0290685,1746261908.0992658,1746261914.5847774,49.7445522,17.0385638,0,135,49.7436929,17.0408249,0,2.64,0.0,462.51
1746261919.7582855,1746261919.8245435,1746261925.8499336,49.7462347,17.0340751,0,133,49.7454139,17.0363286,0,2.83,0.0,410.32
1746261931.0226772,1746261931.097191,1746261941.9446304,49.748652,17.0274386,0,129,49.7478731,17.0296476,0,1.1,0.0,812.53
1746261947.1229486,1746261947.1619878,1746261959.3539724,49.7495803,17.0199827,0,135,49.7494552,17.0225507,0,0.53,0.0,1335.66
1746261964.53135,1746261964.6716278,1746261973.2800112,49.749972,17.0120157,0,139,49.7498319,17.0147191,0,2.0,0.0,659.87
1746261978.4496448,1746261978.5129683,1746261984.8232234,49.7503941,17.0039058,0,140,49.7502557,17.0066055,0,2.74,0.0,501.17
1746261990.0055065,1746261990.0655289,1746261997.8498235,49.7507049,16.9979998,0,139,49.7505612,17.0006782,0,2.22,0.0,622.01
1746262003.0177135,1746262003.0763757,1746262007.7862346,49.7513009,16.9900102,0,137,49.7509862,16.9926278,0,3.79,0.0,514.78
1746262012.9517334,1746262012.9914927,1746262020.461767,49.7527369,16.985209,0,136,49.7519535,16.9875521,0,2.26,0.0,429.52
1746262025.6480129,1746262025.720519,1746262032.675186,49.7543246,16.9804788,0,138,49.7535243,16.9828456,0,2.5,0.0,603.34
1746262037.8462844,1746262037.9099298,1746262044.5525148,49.7567275,16.9732591,0,142,49.7559307,16.9756744,0,2.59,0.0,497.4
1746262049.739235,1746262049.8069394,1746262056.430114,49.758381,16.9685009,0,139,49.7575561,16.9708762,0,2.59,0.0,481.2
1746262061.5948975,1746262061.6314294,1746262067.7665222,49.760125,16.9632175,0,138,49.7591596,16.9660796,0,2.84,0.0,533.43
1746262072.9432566,1746262072.9902647,1746262079.3704164,49.7625026,16.956082,0,136,49.761703,16.9584532,0,2.67,0.0,439.31
1746262084.5440822,1746262084.6174638,1746262090.237527,49.7641332,16.9520321,0,138,49.7633207,16.9537462,0,3.06,0.0,418.35
1746262095.4009392,1746262095.457981,1746262101.6939948,49.7672532,16.9486565,0,141,49.7657012,16.949923,0,2.77,0.0,501.65
1746262106.844019,1746262106.917128,1746262112.958923,49.7672532,16.9486565,0,141,49.7657012,16.949923,0,2.87,0.0,509.83
1746262118.1079576,1746262118.1793582,1746262125.0658777,49.7672532,16.9486565,0,141,49.7657012,16.949923,0,2.58,0.0,716.76
1746262130.2479997,1746262130.2895947,1746262137.5337722,49.7672532,16.9486565,0,141,49.7657012,16.949923,0,2.35,0.0,485.93
1746262142.7153962,1746262142.7587962,1746262149.2093532,49.7672532,16.9486565,0,141,49.7657012,16.949923,0,2.77,0.0,714.19
1746262154.381993,1746262154.4205313,1746262161.0868492,49.787839,16.936319,0,151,49.7672532,16.9486565,0,2.59,0.0,521.44
1746262166.2680464,1746262166.307008,1746262172.9662473,49.7913822,16.9341724,0,154,49.7895863,16.9352678,0,2.59,0.0,517.43
1746262178.131967,1746262178.209733,1746262184.480987,49.7949263,16.9320475,0,152,49.7931445,16.9331066,0,2.75,0.0,489.94
1746262189.5923862,1746262189.6561518,1746262196.1107635,49.7983281,16.9299905,0,137,49.796688,16.9310049,0,2.64,0.0,425.72
1746262201.221382,1746262201.26415,1746262206.7177234,49.8025687,16.9274592,0,110,49.8012482,16.9282505,0,3.13,0.0,374.83
1746262211.8267398,1746262211.8924606,1746262216.5524654,49.8050084,16.926009,0,83,49.8037712,16.9267689,0,3.73,0.0,395.63
1746262221.666821,1746262221.750167,1746262228.4701934,49.806681,16.9249934,0,60,49.8059155,16.9254642,0,2.59,0.0,573.27
1746262233.5884848,1746262233.6650693,1746262238.8581731,49.8078241,16.9243094,0,41,49.8073007,16.9246346,0,3.41,0.0,536.89
1746262243.9685252,1746262244.0260067,1746262248.6010885,49.8087415,16.9237592,0,38,49.80828,16.9240428,0,3.82,0.0,417.05
1746262253.7097628,1746262253.77774,1746262261.6509886,49.8096437,16.9232149,0,37,49.8091946,16.9234807,0,2.22,0.0,700.31
1746262266.7598674,1746262266.843179,1746262273.9011087,49.8109215,16.9224584,0,37,49.8104869,16.922717,0,2.6,0.0,948.77
1746262279.009662,1746262279.0748527,1746262284.6367567,49.8118806,16.9218591,0,44,49.8113882,16.922177,0,3.34,0.0,799.18
1746262289.7464702,1746262289.789963,1746262295.367835,49.8128977,16.9212604,0,43,49.8123913,16.9215581,0,3.15,0.0,529.3
1746262300.4764817,1746262300.5213037,1746262304.9622083,49.8139511,16.9206154,0,40,49.8134712,16.9209033,0,3.98,0.0,447.85
1746262310.0790076,1746262310.1180794,1746262316.329878,49.8148759,16.9200621,0,38,49.8144191,16.9203341,0,2.77,0.0,477.17
1746262321.4438214,1746262321.481117,1746262327.2668304,49.8161912,16.9192785,0,36,49.8157714,16.9195136,0,2.94,0.0,378.7
1746262332.3860376,1746262332.4498975,1746262338.0579748,49.8170346,16.9187557,0,34,49.8166184,16.9190233,0,3.22,0.0,673.71
1746262343.1701055,1746262343.2112415,1746262348.0957847,49.8178332,16.9183119,0,33,49.8174268,16.9185219,0,3.86,0.0,767.95
1746262353.2077155,1746262353.2729874,1746262358.2756224,49.8186293,16.9179224,0,30,49.8182298,16.9181011,0,3.56,0.0,536.03
1746262363.3882327,1746262363.4294415,1746262367.7774956,49.8193861,16.9175843,0,30,49.8190089,16.917735,0,4.04,0.0,415.56
1746262372.8934155,1746262372.9691403,1746262377.495899,49.8201006,16.9172643,0,29,49.8197474,16.9174271,0,3.95,0.0,501.21
1746262382.6076176,1746262382.6740763,1746262386.7476652,49.8207773,16.9170448,0,26,49.8204426,16.9171365,0,4.35,0.0,422.38
1746262391.866,1746262391.9334033,1746262397.5496957,49.82117,16.9169214,0,26,49.8207773,16.9170448,0,3.16,0.0,584.31
1746262402.6618068,1746262402.7127018,1746262406.7490041,49.8221271,16.9167187,0,24,49.8217982,16.9167916,0,4.25,0.0,298.52
1746262411.8623354,1746262411.9322724,1746262417.1739771,49.8221271,16.9167187,0,24,49.8217982,16.9167916,0,3.32,0.0,450.9
1746262422.2900655,1746262422.3367226,1746262427.2494738,49.8221271,16.9167187,0,24,49.8217982,16.9167916,0,3.6,0.0,493.02
1746262432.3627536,1746262432.432946,1746262437.9859202,49.8221271,16.9167187,0,24,49.8217982,16.9167916,0,3.1,0.0,433.1
1746262443.0982282,1746262443.1525614,1746262447.3857908,49.8221271,16.9167187,0,24,49.8217982,16.9167916,0,4.33,0.0,566.46
1746262452.5059428,1746262452.5529184,1746262458.0561223,49.8250605,16.9165139,0,23,49.8221271,16.9167187,0,3.23,0.0,587.0
1746262463.1663013,1746262463.2365596,1746262468.9155622,49.8256578,16.9165824,0,23,49.8253616,16.9165235,0,3.1,0.0,553.48
1746262474.0268264,1746262474.112448,1746262479.5088794,49.826228,16.9166512,0,23,49.8259298,16.9166154,0,3.27,0.0,532.07
1746262484.6212604,1746262484.6672888,1746262490.1706645,49.8268482,16.9167557,0,24,49.8265466,16.9167242,0,3.13,0.0,422.7
1746262495.2807329,1746262495.3241355,1746262500.7677512,49.8275468,16.9169066,0,31,49.8271672,16.9168392,0,3.16,0.0,415.58
1746262505.8824449,1746262505.9271817,1746262510.7378418,49.8286039,16.9171016,0,40,49.8279917,16.9169924,0,3.66,0.0,462.93
1746262515.8493814,1746262515.89108,1746262521.3428473,49.8296426,16.9173184,0,41,49.8291278,16.917182,0,3.13,0.0,367.27
1746262526.4575543,1746262526.5236464,1746262530.8895068,49.8306902,16.917504,0,42,49.8301635,16.9174214,0,4.17,0.0,551.44
1746262536.0031924,1746262536.043073,1746262541.0297863,49.8317494,16.9176554,0,42,49.8312223,16.9175638,0,3.51,0.0,453.67
1746262546.1422777,1746262546.2092764,1746262551.6519163,49.8327913,16.9178051,0,42,49.8322606,16.9177474,0,3.19,0.0,457.57
1746262556.7644029,1746262556.841344,1746262561.0798001,49.8338812,16.9180087,0,46,49.8333128,16.9179198,0,4.3,0.0,545.03
1746262566.2049913,1746262566.2736735,1746262571.724259,49.8351251,16.9182261,0,52,49.834487,16.9181055,0,3.23,0.0,533.62
1746262576.8371563,1746262576.9070497,1746262582.5467637,49.8366095,16.9183614,0,63,49.8358354,16.9183036,0,3.25,0.0,755.25
1746262587.659261,1746262587.728908,1746262593.1730783,49.8383348,16.9182605,0,72,49.8374464,16.9183352,0,3.23,0.0,525.53
1746262598.2821734,1746262598.3251426,1746262603.672447,49.8404701,16.9178126,0,83,49.8392745,16.918107,0,3.23,0.0,432.06
1746262608.787431,1746262608.8609388,1746262614.8259304,49.8423094,16.9170215,0,68,49.8414564,16.917411,0,2.93,0.0,546.17
1746262619.9367642,1746262619.9957821,1746262624.188783,49.8445293,16.9157335,0,60,49.843815,16.9161458,0,4.27,0.0,470.45
1746262629.2974284,1746262629.3625467,1746262635.2128277,49.8452423,16.915308,0,62,49.8445293,16.9157335,0,2.98,0.0,525.06
1746262640.3210745,1746262640.3667026,1746262644.409838,49.8473796,16.914049,0,60,49.846663,16.9144801,0,4.59,0.0,580.27
1746262649.5193145,1746262649.6176395,1746262655.2800493,49.8480699,16.9136412,0,59,49.8473796,16.914049,0,3.11,0.0,545.6
1746262660.393299,1746262660.4407494,1746262666.7536323,49.8501554,16.9123934,0,59,49.8494653,16.9128251,0,2.97,0.0,955.1
1746262671.863323,1746262671.9264824,1746262678.2068338,49.8515219,16.9116339,0,57,49.8508465,16.9119959,0,2.88,0.0,765.09
1746262683.3150754,1746262683.3893147,1746262689.2812674,49.8529603,16.9107562,0,55,49.8521771,16.9112312,0,2.98,0.0,566.74
1746262694.3904135,1746262694.4641519,1746262698.8186128,49.8542437,16.9100076,0,54,49.8536104,16.9103674,0,4.18,0.0,551.19
1746262703.928332,1746262703.9894407,1746262709.557181,49.8554806,16.9092983,0,52,49.8548701,16.9096354,0,3.1,0.0,447.22
1746262714.6678264,1746262714.7327015,1746262720.4121306,49.8554806,16.9092983,0,52,49.8548701,16.9096354,0,3.06,0.0,484.3
1746262725.5208914,1746262725.58988,1746262730.0403821,49.8554806,16.9092983,0,52,49.8548701,16.9096354,0,4.08,0.0,556.07
1746262735.1489916,1746262735.2167768,1746262740.6650145,49.8554806,16.9092983,0,52,49.8548701,16.9096354,0,3.25,0.0,555.19
1746262745.7729924,1746262745.8154178,1746262750.7113702,49.860415,16.9060946,0,47,49.8554806,16.9092983,0,3.54,0.0,401.22
1746262755.8194199,1746262755.9267838,1746262761.5781393,49.8617287,16.9047756,0,47,49.8612396,16.905319,0,3.1,0.0,530.43
1746262766.687382,1746262766.7609177,1746262772.4320703,49.8626366,16.9036413,0,44,49.8621895,16.9042293,0,3.1,0.0,550.92
1746262777.5442665,1746262777.611945,1746262783.2877574,49.8634483,16.9024434,0,45,49.8630706,16.9030697,0,3.05,0.0,472.93
1746262788.3967035,1746262788.4594688,1746262794.1414413,49.8641678,16.9012436,0,40,49.8638117,16.9018408,0,3.1,0.0,561.59
1746262799.2556772,1746262799.321169,1746262804.9967568,49.8648994,16.8999421,0,40,49.8645019,16.9006293,0,3.1,0.0,554.69
1746262810.105131,1746262810.1688426,1746262817.6939309,49.8655418,16.8987974,0,38,49.8652276,16.8993643,0,2.28,0.0,561.59
1746262822.8024778,1746262827.9959977,1746262833.8731427,49.8668145,16.8966795,0,38,49.8664927,16.8972342,0,3.11,0.0,759.32
1746262838.9815824,1746262839.0463808,1746262845.7373312,49.867548,16.8953511,0,46,49.8671644,16.8960558,0,2.59,0.0,561.47
1746262850.8473809,1746262850.9157364,1746262857.4265387,49.8687715,16.8931863,0,51,49.8683521,16.8939363,0,2.68,0.0,571.07
1746262862.5344539,1746262862.60051,1746262869.5120993,49.869661,16.8916204,0,57,49.8691935,16.8924362,0,2.5,0.0,560.22
1746262874.621009,1746262874.6953118,1746262880.6560762,49.8706688,16.8898185,0,64,49.8701435,16.8907475,0,2.94,0.0,548.61
1746262885.7656398,1746262885.9911838,1746262893.2673657,49.8719561,16.8875589,0,74,49.8712355,16.8888354,0,2.41,0.0,682.89
1746262898.3776565,1746262898.438723,1746262905.9653487,49.8739618,16.88409,0,83,49.8732899,16.8852958,0,2.28,0.0,562.5
1746262911.0781586,1746262911.1434166,1746262917.2309394,49.8753116,16.8813467,0,91,49.8746688,16.8827824,0,2.87,0.0,541.32
1746262922.3405414,1746262922.3860414,1746262929.5172179,49.8760528,16.8760057,0,98,49.8760179,16.8778988,0,2.35,0.0,372.82
1746262934.6299887,1746262934.6987622,1746262941.8073978,49.8753556,16.8721725,0,106,49.8758264,16.8740605,0,2.43,0.0,561.34
1746262946.9172537,1746262946.9637094,1746262954.095553,49.8738462,16.8662603,0,112,49.8743274,16.8682998,0,2.42,0.0,556.27
1746262959.2072895,1746262959.2498071,1746262965.0585122,49.8728762,16.8620923,0,116,49.8733671,16.8641978,0,3.0,0.0,514.9
1746262970.1697218,1746262970.2055197,1746262977.032523,49.8717622,16.857349,0,120,49.8722712,16.8595416,0,2.5,0.0,477.74
1746262982.1421528,1746262982.2088158,1746262987.290472,49.8707005,16.8528544,0,125,49.8712355,16.8551034,0,3.51,0.0,558.04
1746262992.4021015,1746262992.4630797,1746262997.5420327,49.8696135,16.8481643,0,131,49.8701522,16.8505364,0,3.5,0.0,544.29
1746263002.6509604,1746263002.7160337,1746263007.3438823,49.8690449,16.8457692,0,133,49.8696135,16.8481643,0,3.8,0.0,448.66
1746263012.4539404,1746263012.516163,1746263018.8124435,49.8690449,16.8457692,0,133,49.8696135,16.8481643,0,2.77,0.0,561.81
1746263023.9214242,1746263023.967425,1746263031.5102005,49.8690449,16.8457692,0,133,49.8696135,16.8481643,0,2.22,0.0,374.63
1746263036.621169,1746263036.6661334,1746263044.6662688,49.8690449,16.8457692,0,133,49.8696135,16.8481643,0,2.08,0.0,374.18
1746263049.7760282,1746263049.8295639,1746263055.7550247,49.8642015,16.8201389,0,104,49.8690449,16.8457692,0,3.47,0.0,1342.9
1746263060.8648365,1746263060.9447002,1746263065.6025906,49.8637292,16.8162114,0,102,49.8639594,16.8181652,0,3.99,0.0,671.87
1746263070.71144,1746263070.7793996,1746263078.6170936,49.8637996,16.8123177,0,100,49.8636468,16.8142505,0,2.15,0.0,463.53
1746263083.7261214,1746263083.7928865,1746263090.494822,49.8652872,16.8069904,0,99,49.8647183,16.8087039,0,2.59,0.0,557.33
1746263095.6052868,1746263095.6843498,1746263100.634064,49.8659397,16.803357,0,98,49.8657169,16.8052121,0,3.57,0.0,501.29
1746263105.743278,1746263105.7867174,1746263111.6586356,49.8661557,16.7992294,0,96,49.866024,16.8010982,0,2.95,0.0,477.72
1746263116.7688758,1746263116.8380663,1746263121.5749838,49.8669895,16.7957387,0,97,49.8664709,16.7974267,0,3.74,0.0,488.22
1746263126.6830466,1746263126.7488866,1746263132.069722,49.8685485,16.7926826,0,106,49.8675332,16.794473,0,3.23,0.0,405.65
1746263137.1790352,1746263137.2566464,1746263143.7440183,49.870318,16.7895763,0,108,49.8694198,16.7911558,0,2.68,0.0,547.42
1746263148.8552082,1746263148.9261448,1746263154.2800148,49.8729276,16.7847354,0,108,49.8721155,16.7863884,0,3.31,0.0,552.06
1746263159.3900673,1746263159.4604545,1746263164.4327295,49.8735261,16.7807482,0,106,49.8734305,16.7827992,0,3.52,0.0,463.32
1746263169.5414672,1746263169.6168876,1746263176.1027572,49.8731776,16.7767045,0,106,49.8733606,16.7787168,0,2.59,0.0,341.93
1746263181.212788,1746263181.2802775,1746263186.4457407,49.8729161,16.7721459,0,108,49.8729703,16.774236,0,3.45,0.0,557.05
1746263191.5538948,1746263191.6193073,1746263197.9904778,49.8728609,16.7678674,0,111,49.8729348,16.7700124,0,2.73,0.0,555.41
1746263203.109499,1746263203.155035,1746263209.8073704,49.8718356,16.7637677,0,114,49.8724754,16.76575,0,2.62,0.0,596.58
1746263214.9160542,1746263214.9861748,1746263224.9018693,49.8695968,16.7583824,0,120,49.8702347,16.7599486,0,1.72,0.0,663.35
1746263230.0148942,1746263230.0773106,1746263237.3400376,49.866953,16.7519503,0,127,49.8678055,16.753997,0,2.5,0.0,913.7
1746263242.449099,1746263242.51844,1746263249.9163554,49.8654074,16.748174,0,129,49.8660939,16.7498552,0,2.64,0.0,1375.26
1746263255.0257485,1746263255.0708985,1746263263.376635,49.8636055,16.7407359,0,130,49.863839,16.7432431,0,2.15,0.0,906.32
1746263268.4865704,1746263268.5515256,1746263273.6881506,49.8642608,16.7353342,0,129,49.8637875,16.7377329,0,3.45,0.0,533.39
1746263278.797454,1746263278.863154,1746263283.9794927,49.8648333,16.731958,0,128,49.8647003,16.7329276,0,3.41,0.0,462.19
1746263289.0888307,1746263289.1315315,1746263294.6537833,49.8642145,16.725574,0,128,49.8646476,16.7279878,0,3.12,0.0,435.11
1746263299.7755694,1746263299.8502846,1746263304.4327147,49.8632651,16.720767,0,131,49.8637488,16.7231797,0,3.86,0.0,461.17
1746263309.540552,1746263309.625276,1746263315.3090734,49.8632651,16.720767,0,131,49.8637488,16.7231797,0,3.14,0.0,624.97
1746263320.4215078,1746263320.4588742,1746263326.0027227,49.8632651,16.720767,0,131,49.8637488,16.7231797,0,3.11,0.0,441.93
1746263331.1120045,1746263331.1775064,1746263339.9508667,49.8632651,16.720767,0,131,49.8637488,16.7231797,0,2.1,0.0,1192.09
1746263345.0596895,1746263345.1272767,1746263351.4180374,49.8632651,16.720767,0,131,49.8637488,16.7231797,0,2.98,0.0,964.0
1746263356.5306711,1746263356.5906124,1746263361.2588391,49.850704,16.6984953,0,140,49.8632651,16.720767,0,3.87,0.0,560.65
1746263366.3776026,1746263366.4174252,1746263371.8984709,49.8494918,16.6934358,0,140,49.8498713,16.6955236,0,3.19,0.0,496.71
1746263377.0183415,1746263377.0838995,1746263382.4886873,49.8488823,16.6875746,0,139,49.8490479,16.6902605,0,3.27,0.0,547.84
1746263387.6131725,1746263387.687408,1746263392.1971753,49.8493645,16.6822575,0,139,49.8489915,16.6848821,0,4.06,0.0,593.95
1746263397.3673298,1746263397.4180264,1746263402.0861254,49.8506738,16.6772061,0,142,49.8499407,16.6796985,0,3.8,0.0,489.86
1746263407.2783163,1746263407.3641014,1746263412.5332253,49.8527883,16.6720475,0,144,49.8515614,16.6748062,0,3.46,0.0,579.67
1746263417.7325363,1746263417.8054953,1746263422.2899587,49.8548768,16.6674023,0,147,49.8538318,16.6697226,0,4.07,0.0,582.31
1746263427.4788249,1746263427.5578895,1746263432.006785,49.8570159,16.6626602,0,150,49.8559446,16.6650347,0,4.2,0.0,660.95
1746263437.1869621,1746263437.2803159,1746263442.0300765,49.8591698,16.6578331,0,152,49.8580793,16.6602491,0,3.8,0.0,564.75
1746263447.218397,1746263447.266381,1746263450.8147798,49.8613773,16.6529189,0,154,49.8600554,16.6558773,0,4.93,0.0,322.29
1746263455.9913924,1746263456.0371923,1746263462.6266236,49.863617,16.647919,0,158,49.862496,16.6504335,0,2.53,0.0,308.09
1746263467.822343,1746263467.8977368,1746263474.02202,49.8658822,16.6429221,0,157,49.8647415,16.6454248,0,2.81,0.0,462.92
1746263479.2139447,1746263479.271387,1746263485.3342001,49.8681649,16.637853,0,160,49.867009,16.6403595,0,2.89,0.0,558.52
1746263490.5298486,1746263490.598305,1746263495.395917,49.8718,16.6296907,0,157,49.870658,16.6322437,0,3.69,0.0,495.7
1746263500.5808597,1746263500.8683796,1746263507.888995,49.8737854,16.6243379,0,160,49.8728716,16.62707,0,2.48,0.0,615.25
1746263513.0719657,1746263513.1444767,1746263517.3911607,49.8755517,16.6188106,0,159,49.8746739,16.6215798,0,4.22,0.0,481.11
1746263522.5652964,1746263522.641886,1746263529.5506256,49.8773228,16.6133062,0,158,49.8764293,16.6160465,0,2.52,0.0,606.73
1746263534.7504766,1746263534.8226988,1746263539.6798983,49.8790797,16.6078443,0,158,49.8781963,16.6105671,0,3.84,0.0,714.63
1746263544.8685105,1746263544.9177668,1746263550.8979192,49.8808361,16.6023624,0,157,49.8799516,16.6050892,0,3.06,0.0,782.03
1746263556.0843499,1746263556.1601923,1746263565.1741352,49.8833981,16.5943263,0,152,49.8825517,16.5969753,0,1.86,0.0,471.29
1746263570.3845267,1746263570.4301133,1746263574.4512393,49.8853556,16.5894512,0,144,49.8843387,16.5918017,0,4.31,0.0,333.15
1746263579.6360357,1746263579.7165363,1746263586.463236,49.8874636,16.5845293,0,135,49.8865219,16.5867289,0,2.53,0.0,467.56
1746263591.662842,1746263591.7350268,1746263598.1406848,49.8902231,16.5781059,0,131,49.8893219,16.5802221,0,2.71,0.0,532.9
1746263603.3637452,1746263603.4321826,1746263608.1174765,49.8902231,16.5781059,0,131,49.8893219,16.5802221,0,3.74,0.0,433.0
1746263613.2971115,1746263613.3478172,1746263620.9410326,49.8902231,16.5781059,0,131,49.8893219,16.5802221,0,2.22,0.0,425.19
1746263626.1424327,1746263626.2168372,1746263632.3546147,49.8902231,16.5781059,0,131,49.8893219,16.5802221,0,2.9,0.0,663.32
1746263637.5395434,1746263637.6122959,1746263644.4764998,49.8902231,16.5781059,0,131,49.8893219,16.5802221,0,2.51,0.0,535.57
1746263649.5982535,1746263649.6702266,1746263656.5776684,49.894675,16.5530131,0,135,49.8950395,16.5555674,0,2.5,0.0,558.98
1746263661.6870766,1746263661.731297,1746263669.2750325,49.8921108,16.5461838,0,139,49.8932011,16.5482676,0,2.22,0.0,375.14
1746263674.4842093,1746263674.5590112,1746263680.2655528,49.8893763,16.5428232,0,141,49.890822,16.5443662,0,3.02,0.0,449.98
1746263685.4599082,1746263685.5510812,1746263690.4168353,49.8863187,16.5402319,0,139,49.8878465,16.5415243,0,3.66,0.0,518.07
1746263695.607845,1746263695.6764817,1746263703.061712,49.8829601,16.5373311,0,140,49.8844864,16.5386567,0,2.28,0.0,427.93
1746263708.3055716,1746263708.3514435,1746263716.3735287,49.879028,16.5329559,0,138,49.8800927,16.5343075,0,2.16,0.0,655.74
1746263721.489658,1746263721.553975,1746263725.7721288,49.8746358,16.5280176,0,134,49.8760383,16.5294772,0,4.28,0.0,506.8
1746263730.8828676,1746263730.948238,1746263736.1762962,49.8732578,16.5265659,0,133,49.8746358,16.5280176,0,3.42,0.0,587.5
1746263741.2836738,1746263741.3293242,1746263746.24518,49.8704611,16.5237029,0,134,49.8718628,16.5250983,0,3.56,0.0,446.63
1746263751.4002154,1746263751.4434469,1746263756.1857843,49.8673905,16.5219479,0,129,49.8689555,16.5226961,0,3.81,0.0,572.53
1746263761.3962865,1746263761.4714344,1746263765.7639635,49.8644009,16.5205035,0,117,49.8658537,16.5212013,0,4.02,0.0,338.76
1746263770.9367926,1746263770.9821365,1746263778.0801573,49.8614018,16.5188582,0,113,49.8630059,16.5198251,0,2.41,0.0,491.58
1746263783.2355936,1746263783.30432,1746263788.3057218,49.8581822,16.5144865,0,117,49.8591129,16.5162032,0,3.5,0.0,458.34
1746263793.4750538,1746263793.5334756,1746263799.1123922,49.8569245,16.5102888,0,120,49.8574375,16.5124632,0,3.11,0.0,467.84
1746263804.2763782,1746263804.3450956,1746263811.5817258,49.8566596,16.5056281,0,122,49.8566554,16.5079781,0,2.36,0.0,513.26
1746263816.7995474,1746263816.875563,1746263825.5098376,49.8573248,16.5010936,0,119,49.8569208,16.5033248,0,1.96,0.0,523.68
1746263830.7932112,1746263830.8630276,1746263838.9292355,49.8589405,16.4946117,0,117,49.8584076,16.4967499,0,2.08,0.0,413.15
1746263844.0898368,1746263844.1457202,1746263847.8236153,49.860535,16.4881491,0,120,49.8600015,16.4903296,0,4.91,0.0,442.59
1746263853.0725033,1746263853.1142526,1746263861.0396135,49.8611865,16.4855646,0,120,49.860535,16.4881491,0,2.33,0.0,1101.12
1746263866.1922143,1746263866.2452688,1746263872.284108,49.8639536,16.4801282,0,120,49.8627942,16.4816118,0,3.09,0.0,892.61
1746263877.46596,1746263877.5357773,1746263883.2966628,49.8666887,16.4782464,0,120,49.8652592,16.4789855,0,3.1,0.0,640.09
1746263888.4733508,1746263888.5367618,1746263894.0909328,49.8696256,16.4775466,0,119,49.8681492,16.4778533,0,3.14,0.0,493.77
1746263899.2124302,1746263899.253633,1746263903.4658644,49.873114,16.4762904,0,119,49.8708175,16.477248,0,4.2,0.0,427.07
1746263908.6010115,1746263908.6724126,1746263914.2217903,49.8758304,16.4743499,0,120,49.874495,16.4754008,0,3.28,0.0,698.11
1746263919.3440177,1746263919.3857017,1746263923.7265608,49.8784069,16.4719739,0,120,49.87712,16.4731632,0,4.14,0.0,504.23
1746263928.8411863,1746263928.8865378,1746263932.4574423,49.8809667,16.4696435,0,119,49.8796844,16.470803,0,5.09,0.0,446.41
1746263937.566824,1746263937.6475556,1746263942.6769254,49.8837167,16.4671367,0,109,49.8825074,16.4682324,0,3.54,0.0,536.57
1746263947.7922518,1746263947.8426332,1746263953.2102067,49.8858418,16.4651999,0,89,49.8848341,16.4661303,0,3.32,0.0,581.97
1746263958.3288658,1746263958.4010751,1746263962.4630876,49.887508,16.46372,0,66,49.8867343,16.4643928,0,4.42,0.0,468.78
1746263967.579258,1746263967.6237164,1746263972.6449497,49.8886733,16.4626532,0,45,49.8881504,16.4631202,0,3.49,0.0,462.18
1746263977.8204405,1746263977.8677726,1746263982.946716,49.8893944,16.4619813,0,28,49.8890805,16.4622679,0,3.44,0.0,458.29
1746263988.153646,1746263988.1957157,1746263991.6990526,49.8899959,16.4614117,0,30,49.8896927,16.4617282,0,4.94,0.0,283.73
1746263996.864221,1746263996.90922,1746264002.4939435,49.8903801,16.4610186,0,42,49.8899959,16.4614117,0,3.1,0.0,464.41
1746264007.6869776,1746264007.740819,1746264012.412142,49.891778,16.4592142,0,49,49.8913198,16.4598751,0,3.8,0.0,486.87
1746264017.5613966,1746264017.6287062,1746264021.7370021,49.8925692,16.4576804,0,50,49.8922582,16.4582986,0,4.23,0.0,351.08
1746264026.9241188,1746264026.978751,1746264031.044281,49.8930029,16.4567409,0,50,49.8925692,16.4576804,0,4.22,0.0,298.63
1746264036.2256322,1746264036.2906878,1746264039.8768446,49.8937352,16.4551455,0,50,49.8933701,16.4559366,0,5.0,0.0,405.25
1746264045.0102293,1746264045.0728745,1746264049.1692228,49.8944656,16.4535518,0,50,49.8941037,16.4543388,0,4.33,0.0,429.52
1746264054.3022807,1746264054.3549397,1746264059.4378264,49.8951927,16.4519381,0,51,49.8948186,16.4527497,0,3.87,0.0,978.11
1746264064.5769577,1746264064.6428168,1746264068.4918616,49.8959161,16.4503283,0,51,49.8955575,16.4511525,0,4.51,0.0,326.9
1746264073.6350613,1746264073.7089653,1746264077.9414723,49.8966403,16.4487239,0,50,49.8962845,16.4495298,0,4.03,0.0,288.93
1746264083.1545696,1746264083.2177432,1746264086.7447975,49.8972133,16.4470033,0,50,49.8969346,16.4478603,0,4.93,0.0,305.85
1746264091.895713,1746264091.9631798,1746264095.8933356,49.8975411,16.4459821,0,49,49.8972133,16.4470033,0,4.38,0.0,305.62
1746264101.022297,1746264101.0644941,1746264105.729026,49.8980594,16.4442425,0,48,49.8978466,16.4451608,0,4.3,0.0,967.58
1746264110.9049933,1746264110.9500623,1746264115.7207503,49.8984887,16.4424494,0,50,49.8982506,16.4433369,0,3.57,0.0,318.07
1746264120.8412013,1746264120.907323,1746264135.7990212,49.8990688,16.4407632,0,47,49.8987594,16.4415802,0,1.1,0.0,795.59
1746264140.922563,1746264141.9531882,1746264154.4439335,49.9009989,16.4387266,0,48,49.9004155,16.4389717,0,1.3,0.0,2380.83
1746264159.5954487,1746264159.6451004,1746264164.0447862,49.9009989,16.4387266,0,48,49.9004155,16.4389717,0,3.99,0.0,413.86
1746264169.161298,1746264169.23749,1746264173.0961046,49.9009989,16.4387266,0,48,49.9004155,16.4389717,0,4.56,0.0,371.02
1746264178.249833,1746264178.3145027,1746264182.2692773,49.9009989,16.4387266,0,48,49.9004155,16.4389717,0,4.34,0.0,290.43
1746264187.4728835,1746264187.536399,1746264191.0992935,49.9060867,16.439407,0,49,49.9009989,16.4387266,0,4.85,0.0,286.11
1746264196.344894,1746264196.4115007,1746264199.9229054,49.9078062,16.4386729,0,54,49.9072038,16.439068,0,5.14,0.0,422.59
1746264205.0730388,1746264205.1416962,1746264209.5620437,49.908404,16.4380804,0,60,49.9078062,16.4386729,0,4.3,0.0,723.52
1746264214.7562923,1746264214.8075151,1746264218.5680196,49.9097614,16.4365748,0,70,49.9090618,16.437359,0,4.61,0.0,313.62
1746264223.6838255,1746264223.751931,1746264227.858695,49.911427,16.4350126,0,83,49.9105216,16.4357477,0,4.19,0.0,318.13
1746264232.995083,1746264233.0551221,1746264236.8777454,49.9137943,16.43456,0,90,49.9124741,16.4345802,0,4.55,0.0,329.72
1746264242.0011568,1746264242.0581458,1746264245.7455277,49.9159977,16.4354238,0,91,49.9148984,16.43496,0,4.73,0.0,329.8
1746264250.9297826,1746264250.9994328,1746264254.884694,49.9171201,16.4356445,0,93,49.9159977,16.4354238,0,4.75,0.0,538.83
1746264260.0017905,1746264260.0596805,1746264264.1276128,49.9192749,16.4347309,0,92,49.9182278,16.4353927,0,4.22,0.0,303.11
1746264269.3700116,1746264269.4144132,1746264273.159106,49.9208864,16.4322803,0,90,49.9201609,16.4336124,0,4.64,0.0,322.69
1746264278.2813597,1746264278.3457766,1746264282.4736958,49.92245,16.4297569,0,90,49.9216265,16.4309448,0,4.14,0.0,292.8
1746264287.6026013,1746264287.6795423,1746264302.260909,49.924358,16.4279618,0,90,49.9233646,16.4287636,0,1.05,0.0,513.65
1746264307.4562657,1746264307.4973273,1746264311.5645115,49.9294986,16.4254573,0,114,49.9278928,16.4261904,0,4.44,0.0,485.62
1746264316.8124008,1746264316.8806791,1746264320.716688,49.9309015,16.4248225,0,118,49.9294986,16.4254573,0,4.54,0.0,335.66
1746264325.8670802,1746264325.905539,1746264330.1046631,49.9339038,16.4234645,0,129,49.9323732,16.4241746,0,4.12,0.0,344.53
1746264335.25518,1746264335.3203135,1746264339.755115,49.937156,16.4219896,0,138,49.9354905,16.4227432,0,3.88,0.0,340.43
1746264344.889391,1746264344.9708443,1746264349.9483435,49.9405974,16.4204464,0,147,49.9388587,16.4212158,0,3.65,0.0,623.25
1746264355.122779,1746264355.164014,1746264360.6722226,49.9442581,16.4187664,0,150,49.942408,16.4196246,0,3.35,0.0,765.68
1746264365.836184,1746264365.9026754,1746264374.1042573,49.9479037,16.4171015,0,152,49.9460774,16.4179496,0,2.02,0.0,325.53
1746264379.2826958,1746264379.3249104,1746264384.368548,49.9525856,16.4149931,0,109,49.9512171,16.4156057,0,3.37,0.0,321.14
1746264389.493913,1746264389.562693,1746264394.7998245,49.9551997,16.4137921,0,96,49.954039,16.4143194,0,3.23,0.0,311.64
1746264399.9901261,1746264400.0510473,1746264405.4962134,49.9574973,16.4127514,0,92,49.95635,16.4132844,0,3.11,0.0,339.44
1746264410.6682425,1746264410.7125628,1746264415.1273496,49.9596642,16.4115865,0,90,49.9585973,16.4122089,0,3.86,0.0,299.68
1746264420.331146,1746264420.4989698,1746264427.6174455,49.9615927,16.4099079,0,87,49.960661,16.4107934,0,2.45,0.0,619.85
1746264432.8122656,1746264432.8616314,1746264437.3930836,49.9631336,16.4080476,0,83,49.962483,16.408909,0,3.77,0.0,313.22
1746264442.5141535,1746264442.5725462,1746264447.4509432,49.9640331,16.4066905,0,82,49.9631336,16.4080476,0,3.59,0.0,445.92
1746264452.5618422,1746264452.6261706,1746264457.9602575,49.9640331,16.4066905,0,82,49.9631336,16.4080476,0,3.31,0.0,531.47
1746264463.0797253,1746264463.272467,1746264467.781781,49.9640331,16.4066905,0,82,49.9631336,16.4080476,0,3.79,0.0,316.75
1746264472.9197536,1746264472.9638367,1746264479.6792905,49.9640331,16.4066905,0,82,49.9631336,16.4080476,0,2.59,0.0,585.42
1746264484.8841782,1746264484.9304128,1746264490.702859,49.9640331,16.4066905,0,82,49.9631336,16.4080476,0,2.9,0.0,293.25
1746264495.8884492,1746264495.924843,1746264501.7570832,49.9688532,16.3947067,0,55,49.9640331,16.4066905,0,3.14,0.0,767.91
1746264506.8818834,1746264506.9417686,1746264511.3494873,49.9698696,16.3918476,0,56,49.9695335,16.3927967,0,3.83,0.0,261.0
1746264516.4841652,1746264516.5468585,1746264521.4575875,49.9702211,16.3909065,0,55,49.9698696,16.3918476,0,3.54,0.0,422.12
1746264526.5895367,1746264526.6590068,1746264531.9242396,49.9708569,16.3889665,0,56,49.9705522,16.3899483,0,3.2,0.0,295.82
1746264537.183794,1746264537.2549791,1746264542.1882942,49.9713231,16.3854417,0,65,49.9712478,16.3866669,0,3.5,0.0,389.35
1746264547.3886397,1746264547.5036337,1746264552.0958717,49.9712429,16.3826681,0,76,49.9713293,16.3843881,0,3.71,0.0,307.91
1746264557.2212179,1746264557.284155,1746264562.019952,49.9711629,16.3811699,0,76,49.9712429,16.3826681,0,3.7,0.0,441.89
1746264567.1351457,1746264567.201644,1746264574.3038619,49.9711568,16.3780736,0,80,49.9711213,16.3796284,0,2.51,0.0,764.19
1746264579.4157767,1746264579.4910874,1746264586.6652553,49.9716244,16.3734879,0,81,49.9714511,16.375034,0,2.48,0.0,764.05
1746264591.7761683,1746264591.8202488,1746264596.59268,49.9719918,16.3704796,0,77,49.9718285,16.3719954,0,3.73,0.0,517.71
1746264601.704206,1746264601.7474391,1746264606.5213804,49.9722981,16.3676412,0,73,49.972146,16.3690486,0,3.65,0.0,420.82
1746264611.6330917,1746264611.701508,1746264618.5269716,49.9725479,16.3645429,0,73,49.9723958,16.3662479,0,2.51,0.0,502.8
1746264623.6379743,1746264623.6772618,1746264628.8168473,49.972867,16.3602574,0,76,49.9727551,16.3616848,0,3.3,0.0,329.46
1746264633.9297388,1746264633.9774623,1746264639.951127,49.9730429,16.3573821,0,74,49.972955,16.35882,0,2.89,0.0,465.67
1746264645.062916,1746264645.1556814,1746264651.117086,49.9732475,16.354425,0,78,49.97313,16.3562189,0,2.87,0.0,431.57
1746264656.2294912,1746264656.3064117,1746264667.0919075,49.9734686,16.35132,0,82,49.9733479,16.3528869,0,1.31,0.0,749.7
1746264672.203784,1746264672.272133,1746264681.2235296,49.9737772,16.3466722,0,80,49.9736704,16.3482167,0,1.86,0.0,386.72
1746264686.3380604,1746264686.4021144,1746264691.597927,49.9741076,16.3420633,0,80,49.9739913,16.343599,0,3.58,0.0,760.38
1746264696.710452,1746264696.780438,1746264706.4177785,49.9744454,16.3387107,0,79,49.9742244,16.3402143,0,1.76,0.0,623.5
1746264711.5318313,1746264711.575104,1746264719.7452137,49.9764005,16.3353694,0,78,49.9755757,16.3362049,0,2.09,0.0,574.1
1746264724.8676362,1746264724.9333105,1746264732.5300906,49.979283,16.3349925,0,79,49.9783104,16.3347356,0,2.25,0.0,527.67
1746264737.645129,1746264737.7083833,1746264744.774957,49.981165,16.3360092,0,79,49.9802146,16.3355349,0,2.4,0.0,450.71
1746264749.8885021,1746264749.9542074,1746264757.5644362,49.9821488,16.3362463,0,79,49.981165,16.3360092,0,2.23,0.0,493.83
1746264762.6756039,1746264762.7270153,1746264768.2671764,49.9821488,16.3362463,0,79,49.981165,16.3360092,0,3.1,0.0,421.2
1746264773.382648,1746264773.4288082,1746264780.5557115,49.9821488,16.3362463,0,79,49.981165,16.3360092,0,2.42,0.0,554.8
1746264785.6780508,1746264785.7530189,1746264791.1337228,49.9821488,16.3362463,0,79,49.981165,16.3360092,0,3.42,0.0,740.28
1746264796.245817,1746264796.3184862,1746264801.0838425,49.9931691,16.336582,0,90,49.9920972,16.3360432,0,3.65,0.0,415.75
1746264806.1949153,1746264806.2639282,1746264812.7250319,49.9953689,16.3363215,0,90,49.9942749,16.3367218,0,2.61,0.0,372.52
1746264817.9210021,1746264817.9684958,1746264824.9977794,49.9971153,16.3341552,0,90,49.9963438,16.3354447,0,2.42,0.0,475.13
1746264830.1701112,1746264830.2092392,1746264836.202254,49.997499,16.3288318,0,89,49.9977506,16.3305204,0,2.9,0.0,522.19
1746264841.3785539,1746264841.460719,1746264846.9190133,49.9960963,16.3261912,0,89,49.9969195,16.3273553,0,3.37,0.0,741.58
1746264852.0331647,1746264852.1005034,1746264859.1580617,49.9942977,16.3241573,0,89,49.9951575,16.325261,0,2.37,0.0,351.5
1746264864.2741897,1746264864.345284,1746264871.4857762,49.9931813,16.3211786,0,89,49.9936204,16.3227609,0,2.43,0.0,589.32
1746264876.5976717,1746264876.6681976,1746264882.8900168,49.9934619,16.3161087,0,89,49.9931049,16.3177526,0,2.8,0.0,554.57
1746264888.010129,1746264888.0514653,1746264904.272569,49.9947687,16.3132875,0,90,49.9940688,16.3146487,0,0.03,0.0,3745.13
1746264909.3831754,1746264909.4467397,1746264913.654831,49.9975752,16.3078161,0,89,49.9968766,16.3091782,0,4.34,0.0,544.92
1746264918.7653818,1746264918.808693,1746264925.5579147,49.9987296,16.3044545,0,90,49.9982939,16.3060659,0,2.47,0.0,324.56
1746264930.6744142,1746264930.742635,1746264936.3886871,49.9990317,16.300998,0,89,49.9989729,16.302733,0,3.12,0.0,548.85
1746264941.500852,1746264941.5739655,1746264948.4965658,49.9988212,16.2957536,0,90,49.9988797,16.2975043,0,2.5,0.0,572.12
1746264953.6066144,1746264953.6807346,1746264958.2606964,49.9986883,16.2922959,0,91,49.9987549,16.294024,0,3.83,0.0,433.1
1746264963.3719223,1746264963.4384727,1746264967.8071928,49.9987718,16.2888343,0,89,49.9986519,16.290554,0,4.02,0.0,416.83
1746264972.9179099,1746264972.9698334,1746264978.8310528,49.9995999,16.2856297,0,89,49.9991043,16.2871807,0,2.97,0.0,511.43
1746264983.945872,1746264984.0136433,1746264990.890178,50.000829,16.28272,0,89,50.0002049,16.2841568,0,2.59,0.0,733.03
1746264996.0011635,1746264996.0483513,1746265000.8819818,50.0020078,16.2793995,0,90,50.0015464,16.2809757,0,3.73,0.0,576.94
1746265005.994427,1746265006.0430696,1746265011.2526739,50.0021648,16.2760135,0,90,50.0022239,16.2777154,0,3.31,0.0,412.05
1746265016.366024,1746265016.4347358,1746265023.2498083,50.0012597,16.2728775,0,88,50.0018236,16.274356,0,2.5,0.0,465.39
1746265028.4075165,1746265028.4530332,1746265032.8728092,49.9993623,16.268827,0,82,49.9999541,16.2701357,0,3.86,0.0,305.88
1746265038.0773914,1746265038.270547,1746265047.6429353,49.998221,16.2663753,0,77,49.9987685,16.2675901,0,4.29,0.0,5664.22
1746265052.77445,1746265052.816007,1746265057.8465555,49.998221,16.2663753,0,77,49.9987685,16.2675901,0,3.54,0.0,540.04
1746265062.9583783,1746265063.0033722,1746265069.7649782,49.998221,16.2663753,0,77,49.9987685,16.2675901,0,2.58,0.0,592.57
1746265074.8821428,1746265074.950103,1746265081.159108,49.998221,16.2663753,0,77,49.9987685,16.2675901,0,2.77,0.0,462.0
1746265086.287853,1746265086.3631027,1746265091.995039,49.998221,16.2663753,0,77,49.9987685,16.2675901,0,3.02,0.0,375.84
1746265097.1501994,1746265097.195275,1746265101.9675367,49.9999437,16.2521383,0,78,49.998221,16.2663753,0,3.61,0.0,372.4
1746265107.079697,1746265107.1573534,1746265111.8682642,50.0002426,16.2490553,0,80,50.0001185,16.2502764,0,3.72,0.0,443.5
1746265117.0028214,1746265117.0888348,1746265122.1326945,50.0005701,16.2454396,0,90,50.000437,16.2471501,0,3.73,0.0,780.42
1746265127.2437987,1746265127.3084352,1746265132.5693872,50.0002021,16.2417151,0,103,50.0005087,16.24358,0,3.26,0.0,391.81
1746265137.7775044,1746265137.83778,1746265142.5749998,49.9987942,16.237606,0,112,49.9994692,16.2394937,0,3.76,0.0,512.55
1746265147.7187471,1746265147.7614264,1746265152.2226458,49.997429,16.2337267,0,116,49.9981304,16.2356876,0,3.93,0.0,419.35
1746265157.634215,1746265157.7226849,1746265163.7485435,49.9959807,16.2295251,0,126,49.9967296,16.2316447,0,2.88,0.0,500.19
1746265168.8748531,1746265168.913226,1746265173.8055983,49.9935822,16.2227174,0,143,49.9944079,16.2250463,0,3.54,0.0,399.18
1746265178.9240887,1746265179.058748,1746265189.6711614,49.9918809,16.2178391,0,145,49.9927494,16.2203007,0,1.06,0.0,589.96
1746265194.7886739,1746265194.83862,1746265199.4024434,49.9891518,16.2100933,0,156,49.9900907,16.212742,0,3.86,0.0,448.48
1746265204.5603325,1746265204.6277432,1746265209.3331766,49.9874155,16.2045975,0,158,49.9882173,16.207401,0,4.11,0.0,837.03
1746265214.4723558,1746265214.5187018,1746265220.1981068,49.9863962,16.1979334,0,160,49.9867007,16.2010204,0,3.03,0.0,428.41
1746265225.3402605,1746265225.4094975,1746265228.655032,49.9864586,16.1917479,0,160,49.9863029,16.1948447,0,5.57,0.0,392.54
1746265233.7767286,1746265233.850077,1746265237.81274,49.9868153,16.1887124,0,160,49.9864586,16.1917479,0,4.73,0.0,601.12
1746265242.9297655,1746265242.9738865,1746265246.395758,49.9878685,16.1827232,0,159,49.9873532,16.1857175,0,5.33,0.0,442.99
1746265251.525367,1746265251.5913942,1746265255.1567683,49.9888887,16.1767781,0,159,49.988382,16.1797415,0,5.42,0.0,632.29
1746265260.2806597,1746265260.324836,1746265263.6603804,49.9899112,16.1708654,0,158,49.9894054,16.1738289,0,5.27,0.0,317.77
1746265268.8849144,1746265268.9346588,1746265272.298958,49.9904039,16.1679187,0,158,49.9899112,16.1708654,0,5.47,0.0,457.74
1746265277.4368308,1746265277.4969451,1746265282.691233,49.991415,16.1620321,0,157,49.9909122,16.1649655,0,3.25,0.0,301.74
1746265287.8284283,1746265287.874448,1746265293.814968,49.9925329,16.1555355,0,159,49.9919218,16.159102,0,2.97,0.0,598.72
1746265298.976549,1746265299.0378969,1746265304.1195247,49.9935652,16.1495104,0,160,49.9930474,16.1525339,0,3.32,0.0,294.02
1746265309.316217,1746265309.3773797,1746265314.5316834,49.9945814,16.1434921,0,159,49.9940771,16.1464929,0,3.32,0.0,365.23
1746265319.8386624,1746265319.8852565,1746265326.3849847,49.995596,16.1375215,0,159,49.9950852,16.1405174,0,2.74,0.0,704.37
1746265331.5510538,1746265331.6247923,1746265338.620561,49.9967565,16.1285106,0,158,49.9965465,16.131553,0,2.44,0.0,472.35
1746265343.7631693,1746265343.8591492,1746265349.7980747,49.996467,16.1224032,0,158,49.9967244,16.125427,0,2.97,0.0,585.58
1746265354.9102576,1746265354.9528594,1746265359.7044122,49.996467,16.1224032,0,158,49.9967244,16.125427,0,3.67,0.0,416.1
1746265364.829806,1746265364.897561,1746265369.3760648,49.996467,16.1224032,0,158,49.9967244,16.125427,0,3.88,0.0,380.25
1746265374.4912686,1746265374.5523174,1746265379.7857685,49.996467,16.1224032,0,158,49.9967244,16.125427,0,3.25,0.0,349.19
1746265384.9198492,1746265384.9631555,1746265389.2818208,49.996467,16.1224032,0,158,49.9967244,16.125427,0,4.26,0.0,588.07
1746265394.3928163,1746265394.4343324,1746265399.1810794,49.9932688,16.0932345,0,160,49.996467,16.1224032,0,3.57,0.0,301.51
1746265404.2941787,1746265404.369932,1746265412.6014366,49.9923492,16.0847022,0,156,49.9926757,16.0877292,0,2.06,0.0,499.94
1746265417.7107024,1746265417.758264,1746265423.7563431,49.9916579,16.0786181,0,157,49.9920011,16.0816565,0,4.13,0.0,2150.12
1746265428.8658328,1746265428.9308631,1746265433.3031986,49.9906171,16.0689442,0,159,49.9909521,16.0720063,0,4.05,0.0,449.38
1746265438.4328296,1746265438.4986184,1746265444.1265724,49.9899319,16.0628298,0,160,49.9902631,16.0658811,0,3.06,0.0,441.06
1746265449.2479913,1746265449.3190794,1746265453.7246509,49.9892653,16.0567261,0,158,49.9895972,16.0597762,0,4.08,0.0,506.78
1746265458.8408582,1746265458.9131658,1746265463.9952037,49.9886099,16.0506568,0,158,49.9889366,16.0536868,0,3.69,0.0,777.98
1746265469.1253378,1746265469.1830392,1746265474.6460984,49.9879466,16.0445809,0,158,49.9882694,16.0476138,0,3.09,0.0,324.61
1746265479.765045,1746265479.828487,1746265485.7905552,49.9872783,16.0385337,0,158,49.9876092,16.0415486,0,2.91,0.0,506.21
1746265490.9040468,1746265490.9664876,1746265496.1977086,49.986629,16.0324778,0,159,49.9869545,16.035516,0,3.34,0.0,470.92
1746265501.321825,1746265501.3642125,1746265505.7094011,49.9863686,16.0263539,0,159,49.986427,16.0294342,0,3.97,0.0,338.17
1746265510.8384733,1746265510.907831,1746265515.435762,49.9867044,16.0195408,0,159,49.9864418,16.0232484,0,4.05,0.0,600.57
1746265520.546035,1746265520.5831244,1746265526.8245027,49.9876416,16.0135243,0,160,49.987097,16.016488,0,2.9,0.0,755.72
1746265532.3508983,1746265532.4158952,1746265538.437293,49.9888688,16.0076284,0,157,49.9882305,16.0105565,0,2.92,0.0,573.84
1746265543.6391177,1746265543.7119596,1746265549.3979461,49.9901556,16.00183,0,156,49.9895047,16.0047136,0,2.98,0.0,358.88
1746265554.5279293,1746265554.5718274,1746265560.2119164,49.9914198,15.9959941,0,159,49.9907853,15.998911,0,3.26,0.0,763.88
1746265565.3328571,1746265565.4034898,1746265572.25679,49.9933309,15.9872412,0,159,49.9926793,15.9901637,0,2.62,0.0,786.91
1746265577.4046006,1746265577.4609625,1746265584.384465,49.9946106,15.9813921,0,159,49.9939687,15.9843177,0,2.8,0.0,1250.23
1746265589.5466435,1746265589.6105247,1746265595.4784274,49.996023,15.9749514,0,159,49.9952524,15.9784592,0,2.88,0.0,340.37
1746265600.694147,1746265600.76121,1746265606.2092981,49.997926,15.9662225,0,158,49.9972959,15.9691263,0,3.18,0.0,451.22
1746265611.466304,1746265611.5114682,1746265618.499218,49.99919,15.9603927,0,159,49.9985546,15.9633041,0,2.45,0.0,508.21
1746265623.6432278,1746265623.6817815,1746265628.0647562,50.0004789,15.9545372,0,159,49.9998448,15.9574748,0,3.91,0.0,318.35
1746265633.1787257,1746265633.245654,1746265639.1229644,50.0017722,15.9486687,0,159,50.0011181,15.9516024,0,2.97,0.0,532.62
1746265644.2638288,1746265644.3994474,1746265651.6585531,50.0030449,15.9428228,0,158,50.0023968,15.9457443,0,2.65,0.0,1256.67
1746265656.899929,1746265656.947559,1746265661.6889138,50.0030449,15.9428228,0,158,50.0023968,15.9457443,0,3.65,0.0,381.46
1746265666.829981,1746265666.894493,1746265671.4497416,50.0030449,15.9428228,0,158,50.0023968,15.9457443,0,3.76,0.0,328.17
1746265676.5672517,1746265676.6255598,1746265680.8946893,50.0030449,15.9428228,0,158,50.0023968,15.9457443,0,4.07,0.0,366.14
1746265686.0051723,1746265686.0523615,1746265691.8115146,50.0030449,15.9428228,0,158,50.0023968,15.9457443,0,2.94,0.0,359.63
1746265697.0671937,1746265697.1370401,1746265701.4239209,50.0098025,15.9117729,0,158,50.0030449,15.9428228,0,4.3,0.0,590.28
1746265706.5996785,1746265711.6772885,1746265716.6563454,50.0117273,15.9029901,0,159,50.0110913,15.9059262,0,3.5,0.0,439.36
1746265721.8962471,1746265721.9618406,1746265727.8773599,50.0129995,15.897113,0,159,50.0123686,15.9000696,0,2.98,0.0,576.43
1746265732.9871867,1746265733.0506434,1746265737.6656308,50.0143867,15.8907005,0,156,50.0136384,15.8941869,0,3.8,0.0,429.86
1746265742.7884817,1746265742.8530498,1746265747.1400976,50.015663,15.884838,0,160,50.0150425,15.8877825,0,4.34,0.0,628.98
1746265752.271514,1746265752.3343208,1746265756.543081,50.016945,15.8790267,0,160,50.0163049,15.8819478,0,4.13,0.0,358.91
1746265761.6574247,1746265761.72976,1746265765.6595287,50.018205,15.8731573,0,159,50.0175715,15.8760901,0,4.58,0.0,462.31
1746265770.7807536,1746265770.8494759,1746265775.3399966,50.0194739,15.8672843,0,160,50.0188352,15.8702289,0,4.26,0.0,761.7
1746265780.4787169,1746265780.5503757,1746265784.622162,50.0207529,15.8614083,0,160,50.0201188,15.8643601,0,4.59,0.0,609.14
1746265789.753689,1746265789.8209257,1746265794.2458012,50.0213995,15.85847,0,159,50.0207529,15.8614083,0,3.98,0.0,427.66
1746265799.367324,1746265799.4145315,1746265804.995118,50.0226866,15.8526205,0,159,50.0220431,15.8555458,0,3.1,0.0,459.74
1746265810.1094196,1746265810.1779668,1746265814.197636,50.0240595,15.8462214,0,157,50.0234423,15.8491222,0,4.29,0.0,313.95
1746265819.3143435,1746265819.3562996,1746265824.5577765,50.0253003,15.8404486,0,157,50.0246809,15.8433227,0,3.45,0.0,589.43
1746265829.6736383,1746265829.7401311,1746265833.309689,50.0265567,15.8347466,0,155,50.0259289,15.8376068,0,4.86,0.0,298.99
1746265838.42424,1746265838.4656525,1746265843.664632,50.0277783,15.8290595,0,153,50.0271655,15.831893,0,3.73,0.0,937.65
1746265848.779688,1746265848.8564537,1746265853.436712,50.0290214,15.8233974,0,153,50.0283993,15.8262286,0,3.78,0.0,376.49
1746265858.556803,1746265858.6214771,1746265863.4220145,50.0302227,15.8177663,0,152,50.0296103,15.8205738,0,3.83,0.0,646.62
1746265868.5476508,1746265868.612478,1746265873.461452,50.0309317,15.8120234,0,149,50.0307133,15.8149215,0,3.64,0.0,486.59
1746265878.5843391,1746265878.6535108,1746265883.0959878,50.0310054,15.806513,0,135,50.0309765,15.8091997,0,4.01,0.0,481.13
1746265888.2128735,1746265888.277036,1746265891.8829095,50.0310628,15.8010527,0,121,50.031034,15.8034658,0,4.77,0.0,272.57
1746265896.9990494,1746265897.0821471,1746265900.5799813,50.0311361,15.7966167,0,109,50.0310885,15.7987808,0,5.16,0.0,416.66
1746265905.6978798,1746265905.738816,1746265909.441,50.0311746,15.7945912,0,102,50.0311361,15.7966167,0,5.29,0.0,694.71
1746265914.7085257,1746265914.7661326,1746265918.6489408,50.0312117,15.7908739,0,91,50.031206,15.7926907,0,4.58,0.0,414.13
1746265923.75919,1746265923.8031404,1746265928.5301254,50.0312738,15.7872992,0,92,50.0312369,15.7890801,0,3.66,0.0,389.73
1746265933.6580892,1746265933.701403,1746265937.608726,50.0313366,15.7837209,0,91,50.0313157,15.7855109,0,5.0,0.0,731.87
1746265942.7246547,1746265942.7703252,1746265946.8250618,50.0313856,15.7801643,0,92,50.031363,15.7819454,0,4.37,0.0,417.99
1746265951.941527,1746265952.010749,1746265958.2642505,50.0313856,15.7801643,0,92,50.031363,15.7819454,0,2.8,0.0,569.83
1746265963.3814075,1746265963.4488976,1746265966.78682,50.0313856,15.7801643,0,92,50.031363,15.7819454,0,5.55,0.0,475.31
1746265971.90417,1746265971.9724216,1746265975.9111307,50.0313856,15.7801643,0,92,50.031363,15.7819454,0,4.7,0.0,554.26
1746265981.0291848,1746265981.101152,1746265985.1368089,50.0313856,15.7801643,0,92,50.031363,15.7819454,0,4.42,0.0,437.65
1746265990.2724407,1746265990.3391755,1746265994.0059516,50.0316237,15.7642514,0,81,50.0313856,15.7801643,0,5.21,0.0,619.46
1746265999.1304069,1746265999.1759112,1746266002.3964818,50.0316566,15.7619106,0,70,50.0316237,15.7642514,0,5.6,0.0,384.83
1746266007.5374556,1746266007.6075227,1746266011.895098,50.0317066,15.7595299,0,56,50.0316694,15.760635,0,4.26,0.0,554.72
1746266017.0115452,1746266017.0577724,1746266021.79368,50.031713,15.7576434,0,36,50.0317158,15.7585805,0,3.77,0.0,525.47
1746266026.9385164,1746266027.0153046,1746266030.1372485,50.0317292,15.7565942,0,22,50.0317285,15.7570435,0,5.84,0.0,398.84
1746266035.2639143,1746266035.312742,1746266040.3682199,50.0317206,15.7562037,0,17,50.0317292,15.7565942,0,3.65,0.0,702.91
1746266045.4854622,1746266045.52854,1746266049.4019547,50.0317436,15.7559692,0,0,50.0317439,15.7559528,0,4.74,0.0,522.23
1746266054.5212727,1746266054.5880566,1746266058.44939,50.031738,15.7559659,0,0,50.0317436,15.7559692,0,4.69,0.0,474.67
1746266063.5650194,1746266063.6313596,1746266067.8260295,50.0317365,15.7559978,0,0,50.0317261,15.755969,0,4.24,0.0,442.74
1746266072.9371116,1746266072.9805422,1746266076.76332,50.0317208,15.7560486,0,0,50.0317328,15.7560218,0,4.86,0.0,514.53
1746266081.8813438,1746266081.9597192,1746266086.0097463,50.0317414,15.7560793,0,1,50.031721,15.7560522,0,4.82,0.0,754.08
1746266091.1222973,1746266091.7611213,1746266095.947971,50.0317252,15.756115,0,0,50.0317367,15.7561038,0,4.41,0.0,579.61
1746266101.0676496,1746266101.1135058,1746266106.187454,50.031711,15.7560559,0,0,50.0317252,15.756115,0,3.43,0.0,440.83
1746266111.2969608,1746266111.3850062,1746266116.002736,50.0317236,15.7560119,0,0,50.0317156,15.7560126,0,3.97,0.0,614.38
1746266121.1163585,1746266121.1841989,1746266124.5453606,50.0317328,15.7560097,0,2,50.0317236,15.7560119,0,5.44,0.0,439.93
1746266129.6560442,1746266129.731234,1746266133.1539342,50.0317813,15.756008,0,0,50.0317532,15.7560177,0,5.07,0.0,287.06
1746266138.278418,1746266138.35643,1746266143.5857406,50.031768,15.7559786,0,4,50.0317865,15.7560163,0,3.34,0.0,471.62
1746266148.6968777,1746266148.7494164,1746266153.3310628,50.0317641,15.7555311,0,17,50.0317563,15.7558238,0,3.81,0.0,408.81
1746266158.4446907,1746266158.4928813,1746266162.1828368,50.0317545,15.7545213,0,30,50.0317528,15.7550853,0,4.84,0.0,406.11
1746266167.2946887,1746266167.3369367,1746266171.3297403,50.0317786,15.7530535,0,45,50.0317611,15.7538487,0,4.65,0.0,573.31
1746266176.4561157,1746266176.522709,1746266180.1600344,50.0318112,15.7521286,0,54,50.0317786,15.7530535,0,4.73,0.0,280.62
1746266185.288165,1746266185.389146,1746266189.0229566,50.0318451,15.7496472,0,63,50.0318081,15.7510645,0,5.14,0.0,544.5
1746266194.145654,1746266194.2071824,1746266198.3846047,50.0318872,15.7468916,0,79,50.0318582,15.7483299,0,4.36,0.0,533.06
1746266203.4985301,1746266203.5428705,1746266206.6767037,50.0318962,15.7436437,0,89,50.031895,15.7453318,0,6.32,0.0,619.75
1746266211.8009481,1746266211.869887,1746266216.0620244,50.0319264,15.7418766,0,92,50.0318962,15.7436437,0,4.54,0.0,689.63
1746266221.2834787,1746266221.3502302,1746266225.3600333,50.0319923,15.7381073,0,99,50.0319602,15.7400195,0,4.45,0.0,441.59
1746266230.5239975,1746266230.5924582,1746266234.1202826,50.0320372,15.734217,0,103,50.0319927,15.7361717,0,5.08,0.0,400.32
1746266239.257789,1746266239.3052616,1746266243.0889287,50.0320781,15.7300222,0,111,50.0320563,15.7321586,0,4.83,0.0,492.94
1746266248.2504447,1746266248.2945528,1746266251.8447614,50.0320781,15.7300222,0,111,50.0320563,15.7321586,0,5.23,0.0,514.42
1746266256.961607,1746266257.0310483,1746266261.275793,50.0320781,15.7300222,0,111,50.0320563,15.7321586,0,4.34,0.0,584.13
1746266266.541978,1746266266.9282446,1746266270.5252948,50.0320781,15.7300222,0,111,50.0320563,15.7321586,0,5.28,0.0,584.53
1746266275.7169971,1746266275.7882078,1746266280.0430508,50.0320781,15.7300222,0,111,50.0320563,15.7321586,0,4.19,0.0,466.18
1746266285.2010863,1746266285.26553,1746266290.4384592,50.0320781,15.7300222,0,111,50.0320563,15.7321586,0,3.31,0.0,378.82
1746266295.5537722,1746266295.6183605,1746266301.4484076,50.0310513,15.7029013,0,145,50.0311584,15.7056731,0,2.95,0.0,447.52
1746266306.5619113,1746266306.6375113,1746266312.708712,50.030799,15.6971893,0,151,50.030938,15.7000661,0,2.87,0.0,541.08
1746266317.833185,1746266317.891649,1746266322.8239846,50.030383,15.6877504,0,155,50.0305,15.6907437,0,3.63,0.0,551.3
1746266327.9469533,1746266327.9920385,1746266332.2245421,50.0301364,15.6817579,0,155,50.0302497,15.6847519,0,4.24,0.0,486.94
1746266337.3364139,1746266337.3966575,1746266342.046182,50.0300048,15.6787918,0,152,50.0301364,15.6817579,0,3.83,0.0,502.84
1746266347.1566684,1746266347.2308877,1746266353.32274,50.030048,15.6730422,0,144,50.0299018,15.6758656,0,2.84,0.0,499.94
1746266358.431393,1746266358.497329,1746266362.8263483,50.0310361,15.6651423,0,135,50.0307161,15.6677436,0,4.15,0.0,497.45
1746266367.9364345,1746266367.9751873,1746266372.4509277,50.0316815,15.6600536,0,131,50.0313517,15.6626053,0,3.94,0.0,440.71
1746266377.5799813,1746266377.6523879,1746266382.5671644,50.0320086,15.6575308,0,132,50.0316815,15.6600536,0,3.68,0.0,595.29
1746266387.752075,1746266387.8322213,1746266395.4519167,50.0326444,15.6525065,0,130,50.0323075,15.6550056,0,2.35,0.0,861.65
1746266400.5625553,1746266400.6169996,1746266405.5780733,50.0336537,15.6444815,0,132,50.0332796,15.6474749,0,3.99,0.0,977.82
1746266410.6947207,1746266410.7742028,1746266416.8521369,50.0335698,15.6394529,0,131,50.0337978,15.6419796,0,2.82,0.0,446.58
1746266421.9650626,1746266422.041943,1746266426.6344554,50.032638,15.6345954,0,130,50.0331165,15.6370258,0,3.83,0.0,442.87
1746266431.7452576,1746266431.789063,1746266437.6279562,50.0318101,15.629714,0,132,50.032191,15.6321538,0,2.99,0.0,526.79
1746266442.7430549,1746266442.829112,1746266448.1375918,50.0310606,15.6247533,0,130,50.0314292,15.627214,0,3.34,0.0,549.32
1746266453.339988,1746266453.4075406,1746266459.6223004,50.0307653,15.6197408,0,131,50.0307761,15.6222543,0,2.78,0.0,499.98
1746266464.7615626,1746266464.8232489,1746266469.1295824,50.0327281,15.6123343,0,130,50.0317053,15.6149206,0,4.14,0.0,466.69
1746266474.2487094,1746266474.2839131,1746266481.6741817,50.0342306,15.6079143,0,130,50.0336186,15.6102221,0,2.5,0.0,1041.29
1746266486.7948687,1746266486.8692627,1746266491.5284426,50.0346663,15.6029707,0,129,50.0345352,15.6054517,0,3.83,0.0,506.77
1746266496.6398497,1746266496.7027705,1746266502.156003,50.034907,15.597991,0,129,50.0347657,15.6004677,0,3.23,0.0,536.32
1746266507.273678,1746266507.3437283,1746266512.2895916,50.0351633,15.5930464,0,127,50.0350317,15.5955167,0,3.79,0.0,750.46
1746266517.403288,1746266517.4662557,1746266522.0580406,50.0358343,15.5881424,0,127,50.0354065,15.5905887,0,3.84,0.0,458.29
1746266527.1663992,1746266527.2345521,1746266532.3935275,50.0370629,15.583448,0,131,50.0363775,15.5857783,0,3.58,0.0,726.08
1746266537.505123,1746266537.5768619,1746266542.4958408,50.0384239,15.5787741,0,132,50.0377233,15.5811055,0,3.53,0.0,419.07
1746266547.607991,1746266547.6777768,1746266551.7257783,50.0384239,15.5787741,0,132,50.0377233,15.5811055,0,4.55,0.0,559.19
1746266556.8406029,1746266556.8839235,1746266561.6652482,50.0384239,15.5787741,0,132,50.0377233,15.5811055,0,3.6,0.0,363.91
1746266566.7892838,1746266566.8571358,1746266571.22183,50.0384239,15.5787741,0,132,50.0377233,15.5811055,0,4.26,0.0,630.33
1746266576.3996103,1746266576.4804103,1746266580.435816,50.0384239,15.5787741,0,132,50.0377233,15.5811055,0,4.51,0.0,429.35
1746266586.1665893,1746266586.2305243,1746266590.2031343,50.0384239,15.5787741,0,132,50.0377233,15.5811055,0,4.59,0.0,508.73
1746266595.324508,1746266595.3674002,1746266599.2293017,50.0411227,15.5478953,0,147,50.0417182,15.550605,0,4.78,0.0,540.06
1746266604.3440974,1746266604.384444,1746266608.7104266,50.040535,15.5451637,0,149,50.0411227,15.5478953,0,4.3,0.0,631.29
1746266613.8204231,1746266613.8828475,1746266624.4248366,50.0392255,15.5390477,0,152,50.0399375,15.5424055,0,1.27,0.0,505.07
1746266629.5367713,1746266629.6130543,1746266637.3622277,50.0373911,15.5304984,0,156,50.0380028,15.5333825,0,2.21,0.0,546.42
1746266642.472893,1746266642.5366845,1746266650.1581395,50.0355366,15.5217683,0,159,50.03615,15.524713,0,2.2,0.0,402.19
1746266655.2664335,1746266655.3098586,1746266662.1023655,50.0348266,15.5156452,0,160,50.0350867,15.5187359,0,2.51,0.0,449.38
1746266667.2121665,1746266667.2791977,1746266675.4342496,50.0340776,15.5064243,0,159,50.0343128,15.5094839,0,2.09,0.0,564.47
1746266680.542047,1746266680.6163733,1746266688.9380512,50.0335768,15.500285,0,160,50.033834,15.5033479,0,1.98,0.0,291.9
1746266694.046255,1746266694.1062794,1746266703.1408806,50.0327545,15.4904532,0,159,50.0330809,15.4941566,0,1.88,0.0,565.61
1746266708.249562,1746266708.319513,1746266717.7206461,50.0319917,15.4812799,0,155,50.0322422,15.4843431,0,1.82,0.0,689.69
1746266722.8283668,1746266722.8820014,1746266728.806635,50.0312229,15.4720818,0,158,50.0314935,15.4751414,0,2.91,0.0,463.35
1746266733.9190762,1746266733.9704318,1746266742.6117842,50.0307653,15.4659416,0,158,50.030972,15.4690032,0,1.99,0.0,639.25
1746266747.7201667,1746266747.7831686,1746266752.6064844,50.0302986,15.4567238,0,159,50.0303049,15.4597984,0,3.67,0.0,497.15
1746266757.7164896,1746266757.7819877,1746266765.0856686,50.031027,15.4506407,0,160,50.0305601,15.4536348,0,2.37,0.0,585.18
1746266770.197611,1746266770.2634022,1746266774.8811011,50.0323934,15.4441712,0,160,50.0316362,15.4477068,0,3.81,0.0,443.81
1746266779.9900362,1746266780.0702665,1746266786.6334765,50.0334774,15.4388568,0,158,50.0328823,15.4418094,0,2.59,0.0,416.13
1746266791.7430859,1746266791.7886147,1746266797.767085,50.034813,15.4323488,0,160,50.0342034,15.4353098,0,3.06,0.0,781.56
1746266802.8764925,1746266802.9194546,1746266810.593708,50.0365974,15.4234674,0,160,50.0359948,15.4264369,0,2.22,0.0,505.4
1746266815.7025495,1746266815.7473786,1746266821.4130747,50.0376056,15.4175132,0,159,50.0371972,15.4205108,0,3.26,0.0,784.83
1746266826.5254283,1746266826.5685,1746266831.4844306,50.0380671,15.4113985,0,158,50.0378497,15.4144449,0,3.53,0.0,408.94
1746266836.601949,1746266836.66052,1746266842.543324,50.0386181,15.4052653,0,159,50.0382768,15.4083172,0,2.98,0.0,557.86
1746266847.6556153,1746266847.720334,1746266852.8533053,50.0391818,15.4022893,0,159,50.0386181,15.4052653,0,3.47,0.0,556.94
1746266857.9609575,1746266858.0228667,1746266868.553652,50.0391818,15.4022893,0,159,50.0386181,15.4052653,0,0.69,0.0,495.24
1746266873.7016547,1746266873.769499,1746266879.281771,50.0391818,15.4022893,0,159,50.0386181,15.4052653,0,3.18,0.0,518.34
1746266884.4507139,1746266884.4969096,1746266895.8174717,50.0442924,15.3775935,0,158,50.0391818,15.4022893,0,1.3,0.0,1260.46
1746266900.9312146,1746266900.9730458,1746266905.8413525,50.0418703,15.3683948,0,159,50.0426247,15.3712499,0,3.62,0.0,482.35
1746266910.9672408,1746266911.0321887,1746266916.8890066,50.0395156,15.362633,0,159,50.0407621,15.3650856,0,2.99,0.0,535.85
1746266922.0021048,1746266922.0542321,1746266929.586023,50.036848,15.3581066,0,159,50.0381861,15.3603936,0,2.28,0.0,568.16
1746266934.700885,1746266934.7419796,1746266944.4216878,50.0327099,15.3514533,0,160,50.0341377,15.3536005,0,1.75,0.0,578.23
1746266949.533759,1746266949.5979984,1746266960.9515533,50.0283752,15.3450351,0,155,50.0298146,15.3471659,0,0.74,0.0,875.14
1746266966.2025092,1746266966.250108,1746266978.9724457,50.0241682,15.3385239,0,158,50.025512,15.3407708,0,0.26,0.0,1870.59
1746266984.0833309,1746266984.1480398,1746266996.8841743,50.0195652,15.3277445,0,158,50.0208903,15.330834,0,0.48,0.0,735.69
1746267001.9999802,1746267002.039512,1746267006.893345,50.0162694,15.3200014,0,159,50.0173673,15.3225868,0,3.62,0.0,458.13
1746267012.051731,1746267012.0966,1746267027.2515697,50.0140779,15.3148428,0,159,50.0151773,15.3174303,0,0.15,0.0,1050.83
1746267032.365244,1746267032.411254,1746267038.2868378,50.0113806,15.3033843,0,159,50.0116363,15.3064401,0,2.87,0.0,334.24
1746267043.5327818,1746267043.5734572,1746267048.0535817,50.0111408,15.297201,0,159,50.0112644,15.3003017,0,3.99,0.0,499.23
1746267053.1744332,1746267053.2640228,1746267058.2472208,50.0108691,15.2910316,0,160,50.0110013,15.2941374,0,3.49,0.0,435.42
1746267063.3598642,1746267063.4022892,1746267068.100024,50.0106333,15.2848962,0,159,50.0107573,15.287977,0,3.63,0.0,322.19
1746267073.2117867,1746267073.2817767,1746267080.2467163,50.0103163,15.2781196,0,158,50.0104394,15.2811879,0,2.53,0.0,694.63
1746267085.3770647,1746267085.4282284,1746267089.780718,50.0099109,15.2688941,0,157,50.0100723,15.271973,0,4.03,0.0,407.63
1746267094.9138777,1746267094.9776523,1746267099.5761862,50.0097876,15.2658984,0,153,50.0099109,15.2688941,0,3.69,0.0,293.22
1746267104.7070265,1746267104.7642293,1746267109.728907,50.0095311,15.2601592,0,142,50.0096663,15.2629757,0,3.6,0.0,546.15
1746267115.0068696,1746267115.0686326,1746267120.1436608,50.009301,15.2548186,0,133,50.0094198,15.2574409,0,3.62,0.0,687.28
1746267125.274309,1746267125.3439999,1746267130.0860908,50.0090974,15.2498258,0,127,50.0091788,15.2522904,0,3.7,0.0,446.84
1746267135.2444549,1746267135.3241317,1746267141.7040586,50.0088981,15.2449095,0,127,50.009003,15.2473637,0,2.7,0.0,504.11
1746267146.8421547,1746267146.9097874,1746267151.9387484,50.0088981,15.2449095,0,127,50.009003,15.2473637,0,3.42,0.0,385.97
1746267157.0478032,1746267157.0991225,1746267162.0211172,50.0088981,15.2449095,0,127,50.009003,15.2473637,0,3.55,0.0,440.92
1746267167.1462364,1746267167.195221,1746267172.1845348,50.0088981,15.2449095,0,127,50.009003,15.2473637,0,3.6,0.0,581.04
1746267177.2972753,1746267177.3662736,1746267183.1335075,50.0088981,15.2449095,0,127,50.009003,15.2473637,0,2.99,0.0,445.32
1746267188.2682788,1746267188.3604927,1746267193.9931102,50.0088981,15.2449095,0,127,50.009003,15.2473637,0,3.14,0.0,579.08
1746267199.1132622,1746267199.150572,1746267204.7102928,50.0209341,15.2217962,0,119,50.0190778,15.2241714,0,3.19,0.0,576.12
1746267209.8232062,1746267209.862099,1746267214.8829987,50.0231696,15.2187056,0,121,50.0220591,15.2203166,0,3.37,0.0,308.83
1746267219.9938955,1746267220.0544815,1746267224.433228,50.0252239,15.2145351,0,123,50.0243035,15.2164651,0,3.95,0.0,356.74
1746267229.553118,1746267229.5975873,1746267235.362753,50.0268094,15.2104023,0,122,50.0260919,15.2125376,0,2.98,0.0,441.37
1746267240.473799,1746267240.5391753,1746267244.7703447,50.0280915,15.2060287,0,123,50.027449,15.2082034,0,4.33,0.0,557.8
1746267249.9349701,1746267250.1697087,1746267261.7583926,50.0291223,15.2015476,0,123,50.02868,15.2037953,0,-1,0.0,757.62
1746267266.9323668,1746267266.9747863,1746267272.1577861,50.0317676,15.1932519,0,122,50.0308109,15.1950549,0,3.39,0.0,496.91
1746267277.3187032,1746267277.361706,1746267281.212914,50.0339414,15.1898087,0,127,50.0328517,15.1915793,0,4.89,0.0,600.81
1746267286.339856,1746267286.4184108,1746267291.1425383,50.0347479,15.1877003,0,125,50.0339414,15.1898087,0,3.81,0.0,556.0
1746267296.2669342,1746267296.3375542,1746267300.1340501,50.0364259,15.1828,0,128,50.0355247,15.1855027,0,4.77,0.0,466.72
1746267305.2470016,1746267305.319901,1746267310.458132,50.0382978,15.178651,0,133,50.037272,15.18063,0,3.58,0.0,700.36
1746267315.5798638,1746267315.6454742,1746267323.634089,50.0405784,15.1748372,0,136,50.0394089,15.1767412,0,2.1,0.0,410.72
1746267328.74608,1746267328.7851694,1746267333.262757,50.0441451,15.1688294,0,141,50.0426851,15.1712669,0,3.88,0.0,378.27
1746267338.3977973,1746267338.4395294,1746267344.9198267,50.0466455,15.1647098,0,147,50.0453878,15.1667866,0,2.78,0.0,760.83
1746267350.101206,1746267350.1614306,1746267354.986766,50.0492048,15.1604754,0,150,50.0479212,15.1626219,0,3.52,0.0,313.92
1746267360.099211,1746267360.1592019,1746267366.0583744,50.0518276,15.1561395,0,154,50.0505096,15.1583279,0,2.97,0.0,545.0
1746267371.1707897,1746267371.230397,1746267377.9097931,50.054484,15.1516492,0,158,50.0531387,15.1539068,0,2.59,0.0,533.04
1746267383.0483665,1746267383.0900533,1746267388.197089,50.0574804,15.14669,0,158,50.0561035,15.1489401,0,3.49,0.0,551.97
1746267393.3145092,1746267393.3675365,1746267399.3197672,50.0602264,15.1421639,0,159,50.058841,15.1444108,0,3.16,0.0,924.43
1746267404.4444993,1746267404.5152035,1746267410.4419615,50.0642829,15.1353347,0,159,50.0629175,15.1375957,0,3.0,0.0,632.38
1746267415.560007,1746267415.6265523,1746267421.7377284,50.066405,15.1301387,0,159,50.0654975,15.1328871,0,2.98,0.0,785.2
1746267426.8511586,1746267426.8930957,1746267431.6262972,50.0677502,15.1243389,0,158,50.0670898,15.1272486,0,3.82,0.0,578.34
1746267436.8014016,1746267436.8509326,1746267442.1616855,50.0690973,15.1185108,0,159,50.06842,15.1214352,0,3.27,0.0,450.31
1746267447.2698524,1746267447.3168056,1746267454.3021436,50.0697627,15.1155923,0,158,50.0690973,15.1185108,0,2.77,0.0,1249.07
1746267459.416994,1746267459.4592562,1746267470.6863165,50.0697627,15.1155923,0,158,50.0690973,15.1185108,0,2.8,0.0,5551.62
1746267475.8049393,1746267475.8676176,1746267480.0699267,50.0697627,15.1155923,0,158,50.0690973,15.1185108,0,4.12,0.0,347.48
1746267485.1816614,1746267485.2496197,1746267492.6619117,50.0697627,15.1155923,0,158,50.0690973,15.1185108,0,2.65,0.0,1415.36
1746267497.780063,1746267497.8255515,1746267502.061864,50.0769031,15.0841371,0,158,50.0762431,15.0870548,0,4.24,0.0,484.15
1746267507.3415015,1746267507.3813033,1746267510.9970937,50.078218,15.0783091,0,159,50.0775487,15.0812185,0,5.23,0.0,578.76
1746267516.258518,1746267516.3323095,1746267519.878287,50.0796996,15.0718771,0,160,50.0790223,15.074828,0,5.11,0.0,433.94
1746267525.053189,1746267525.127424,1746267528.7859254,50.0810294,15.065995,0,160,50.0803729,15.0689429,0,4.95,0.0,447.04
1746267533.9129922,1746267533.982352,1746267538.0662544,50.0823501,15.0601458,0,160,50.0816962,15.0630591,0,4.31,0.0,397.52
1746267543.2581246,1746267543.3268828,1746267547.8915248,50.0830187,15.0572457,0,158,50.0823501,15.0601458,0,4.32,0.0,883.83
1746267553.0396872,1746267553.1173644,1746267557.7841685,50.0843306,15.0514428,0,156,50.0836748,15.0543761,0,3.83,0.0,515.72
1746267562.9249744,1746267562.96424,1746267567.3036535,50.0856525,15.0456423,0,160,50.0849876,15.0485604,0,4.14,0.0,498.41
1746267572.431645,1746267572.494413,1746267575.4624066,50.0869669,15.0398255,0,159,50.0863062,15.0427353,0,6.16,0.0,389.93
1746267580.5730777,1746267580.6180863,1746267585.173019,50.0883031,15.0339994,0,160,50.0876369,15.0369103,0,3.88,0.0,457.78
1746267590.2885213,1746267590.3621268,1746267595.0040205,50.0897755,15.0275771,0,159,50.0891026,15.0305194,0,3.88,0.0,544.77
1746267600.1194162,1746267600.183517,1746267604.2201626,50.0910745,15.0216982,0,159,50.0904145,15.0246277,0,4.56,0.0,553.75
1746267609.3315277,1746267609.3772082,1746267612.9764273,50.0917345,15.0187734,0,159,50.0910745,15.0216982,0,5.26,0.0,576.73
1746267618.1110132,1746267618.1884866,1746267621.9859455,50.093072,15.012903,0,159,50.0923977,15.0158298,0,4.55,0.0,303.56
1746267627.1100013,1746267627.1544368,1746267631.063421,50.0942685,15.0076455,0,158,50.0937462,15.0099825,0,4.51,0.0,386.95
1746267636.1718552,1746267636.233237,1746267641.2894223,50.0957267,15.0012443,0,158,50.0950604,15.0041434,0,3.53,0.0,551.36
1746267646.4231954,1746267646.4919293,1746267650.852975,50.0970397,14.9954452,0,159,50.0963816,14.9983476,0,4.15,0.0,531.5
1746267655.968999,1746267656.0103855,1746267659.6213002,50.0983547,14.9896553,0,157,50.0977021,14.9925512,0,5.02,0.0,446.87
1746267664.729648,1746267664.7812936,1746267669.3509314,50.0990126,14.9867751,0,155,50.0983547,14.9896553,0,3.88,0.0,470.17
1746267674.4810376,1746267674.5326502,1746267678.2557268,50.1003024,14.9810796,0,154,50.0996522,14.9839131,0,5.01,0.0,549.49
1746267683.3683844,1746267683.4138296,1746267687.9090545,50.10169,14.9749089,0,151,50.101058,14.9776981,0,3.95,0.0,475.14
1746267693.0259717,1746267693.096573,1746267697.9613082,50.1029217,14.9694851,0,143,50.1023233,14.9721635,0,3.94,0.0,828.85
1746267703.0830019,1746267703.1293173,1746267707.3091545,50.1040697,14.9643984,0,134,50.1035016,14.9668854,0,4.23,0.0,422.37
1746267712.424374,1746267712.4911158,1746267717.0707114,50.1051496,14.9596817,0,124,50.1046245,14.9620018,0,3.88,0.0,480.36
1746267722.1854887,1746267722.228432,1746267726.696036,50.1061426,14.9552985,0,115,50.1056564,14.9574466,0,3.88,0.0,369.32
1746267731.816444,1746267731.8584292,1746267737.179202,50.1069961,14.951528,0,113,50.1066187,14.9531956,0,3.34,0.0,569.41
1746267742.3650656,1746267742.4234447,1746267746.150861,50.1075576,14.9490283,0,112,50.1069961,14.951528,0,4.7,0.0,349.3
1746267751.3124523,1746267751.352527,1746267754.969701,50.1075576,14.9490283,0,112,50.1069961,14.951528,0,5.52,0.0,738.23
1746267760.1393104,1746267760.2070625,1746267764.993103,50.1075576,14.9490283,0,112,50.1069961,14.951528,0,3.64,0.0,415.9
1746267770.1042428,1746267770.172672,1746267775.028433,50.1075576,14.9490283,0,112,50.1069961,14.951528,0,3.69,0.0,554.46
1746267780.1812794,1746267780.2468417,1746267783.946626,50.1075576,14.9490283,0,112,50.1069961,14.951528,0,4.9,0.0,454.15
1746267789.059252,1746267789.1031985,1746267793.255704,50.1117334,14.9281728,0,117,50.1075576,14.9490283,0,4.19,0.0,356.08
1746267798.4054208,1746267798.4676769,1746267803.1565685,50.1113633,14.9226536,0,120,50.1117437,14.9249139,0,3.67,0.0,362.55
1746267808.2662873,1746267808.3348932,1746267811.7612107,50.1095274,14.9184541,0,119,50.1105169,14.9201779,0,5.81,0.0,691.02
1746267816.8737197,1746267816.9448528,1746267820.730369,50.1083893,14.916893,0,120,50.1095274,14.9184541,0,4.8,0.0,478.12
1746267825.865803,1746267825.9067655,1746267830.5461764,50.1061134,14.9138661,0,119,50.1072384,14.9153745,0,3.86,0.0,527.67
1746267835.6541488,1746267835.713511,1746267840.2340143,50.1037922,14.9109447,0,118,50.1049566,14.9123772,0,4.01,0.0,553.68
1746267845.3427854,1746267845.4116552,1746267850.0159326,50.1014377,14.9080548,0,118,50.1026216,14.9094864,0,4.53,0.0,1093.82
1746267855.1251094,1746267855.1875331,1746267858.958684,50.098957,14.9054816,0,121,50.1002692,14.9066559,0,5.24,0.0,738.87
1746267864.0910907,1746267864.1654077,1746267870.6097076,50.0961099,14.9042457,0,120,50.0975723,14.9047308,0,3.4,0.0,1769.85
1746267875.7193418,1746267875.7905328,1746267881.5282545,50.093177,14.9033799,0,119,50.0946517,14.9038212,0,2.94,0.0,334.68
1746267886.6512167,1746267886.7524848,1746267889.7967675,50.090281,14.9022932,0,120,50.0917181,14.902922,0,5.82,0.0,311.67
1746267894.9237127,1746267894.9672768,1746267899.9038482,50.0875267,14.8995626,0,119,50.0889361,14.9012417,0,3.57,0.0,486.89
1746267905.014142,1746267905.0834398,1746267909.3185012,50.085776,14.89584,0,118,50.0865575,14.897834,0,4.15,0.0,407.46
1746267914.4298384,1746267914.4763582,1746267918.597322,50.0843692,14.8916891,0,120,50.0850846,14.8937734,0,4.31,0.0,434.22
1746267923.707976,1746267923.7823834,1746267927.0706294,50.0838085,14.8900666,0,117,50.0843692,14.8916891,0,5.4,0.0,344.47
1746267932.3013036,1746267932.36239,1746267936.1760836,50.0822827,14.885537,0,121,50.0829847,14.8875891,0,4.9,0.0,573.77
1746267941.2936041,1746267941.3595517,1746267947.684194,50.0808983,14.8814842,0,115,50.0815926,14.8834749,0,3.69,0.0,2019.07
1746267952.7952044,1746267952.8429327,1746267956.8549926,50.079537,14.8773168,0,120,50.0802117,14.8793882,0,4.62,0.0,571.18
1746267961.978797,1746267962.042751,1746267966.0591178,50.0781672,14.8731398,0,119,50.0788522,14.8752153,0,4.45,0.0,441.48
1746267971.1813407,1746267971.2488446,1746267976.5632896,50.0769359,14.8684296,0,116,50.0773717,14.8706371,0,3.37,0.0,598.24
1746267981.701991,1746267981.766405,1746267987.7463279,50.076641,14.8638029,0,119,50.076743,14.8661194,0,2.95,0.0,598.84
1746267992.858717,1746267997.953923,1746268002.459771,50.076529,14.8569327,0,118,50.0764547,14.8592332,0,4.2,0.0,725.09
1746268007.6008158,1746268007.6634772,1746268013.2180395,50.077501,14.8526263,0,118,50.0768704,14.8546969,0,3.11,0.0,437.81
1746268018.33122,1746268018.4078,1746268022.6398094,50.0792457,14.8488786,0,118,50.0783605,14.850732,0,4.31,0.0,545.12
1746268027.7550855,1746268027.8392618,1746268032.2443752,50.0802878,14.8445849,0,119,50.0799089,14.8468165,0,4.11,0.0,534.06
1746268037.3590076,1746268037.396795,1746268043.0683224,50.0802987,14.8399313,0,120,50.0803893,14.8427262,0,3.01,0.0,397.63
1746268048.1882038,1746268053.443542,1746268058.8927126,50.0802987,14.8399313,0,120,50.0803893,14.8427262,0,3.18,0.0,453.75
1746268064.0291007,1746268064.0931242,1746268068.5745142,50.0802987,14.8399313,0,120,50.0803893,14.8427262,0,4.02,0.0,532.03
1746268073.6864412,1746268073.7526417,1746268078.3874357,50.0802987,14.8399313,0,120,50.0803893,14.8427262,0,3.84,0.0,497.03
1746268083.497191,1746268083.539128,1746268089.2010977,50.0802987,14.8399313,0,120,50.0803893,14.8427262,0,3.1,0.0,542.81
1746268094.3097131,1746268094.3917465,1746268098.3270562,50.0789909,14.8116973,0,133,50.0802987,14.8399313,0,4.69,0.0,543.66
1746268103.4380476,1746268103.4815476,1746268108.928004,50.0788726,14.8091077,0,135,50.0789909,14.8116973,0,3.19,0.0,459.44
1746268114.0383935,1746268114.1030934,1746268120.58569,50.0786025,14.8032917,0,136,50.0787312,14.8059488,0,2.75,0.0,698.83
1746268125.6947098,1746268125.753325,1746268133.644856,50.0782142,14.7952102,0,140,50.0783464,14.7979028,0,2.22,0.0,722.42
1746268138.7546806,1746268138.823475,1746268145.5261483,50.077983,14.7898662,0,137,50.0780913,14.7925163,0,2.67,0.0,760.32
1746268150.7300658,1746268150.7937114,1746268156.583537,50.0776107,14.7820469,0,132,50.0777319,14.7846336,0,2.98,0.0,464.62
1746268161.9870677,1746268162.0333784,1746268166.3253198,50.0773767,14.7769562,0,129,50.0775122,14.7800034,0,4.18,0.0,488.12
1746268171.4367993,1746268171.5004432,1746268175.701755,50.0771521,14.7719725,0,128,50.077258,14.7744561,0,4.47,0.0,648.04
1746268180.8173313,1746268180.8822272,1746268184.9542015,50.0768931,14.7665509,0,128,50.0770386,14.7695007,0,4.43,0.0,481.79
1746268190.0764244,1746268190.1544232,1746268195.4970248,50.0767696,14.7641094,0,125,50.0768931,14.7665509,0,3.37,0.0,630.71
1746268200.6103268,1746268200.6534169,1746268205.9430237,50.0763194,14.7569347,0,122,50.0765511,14.7592875,0,3.37,0.0,577.86
1746268211.0603492,1746268211.1270888,1746268215.6052978,50.0754222,14.7524592,0,117,50.0759118,14.7546466,0,3.84,0.0,343.37
1746268220.7190654,1746268220.7768836,1746268225.298532,50.0744542,14.7482185,0,115,50.0749312,14.7503043,0,3.98,0.0,524.33
1746268230.4254909,1746268230.484802,1746268233.9339137,50.0739694,14.7461293,0,115,50.0744542,14.7482185,0,5.16,0.0,368.03
1746268239.1130414,1746268239.182417,1746268243.5145395,50.0730217,14.7419591,0,114,50.0735059,14.744046,0,4.21,0.0,553.78
1746268248.632781,1746268248.679132,1746268252.978713,50.0721078,14.7377935,0,113,50.0725707,14.739866,0,4.16,0.0,475.84
1746268258.0899568,1746268258.1312287,1746268262.5499225,50.0712576,14.733571,0,114,50.0716378,14.7356919,0,4.0,0.0,444.81
1746268267.6681714,1746268267.737151,1746268272.9127724,50.0714801,14.7288071,0,114,50.0711534,14.7313801,0,3.28,0.0,337.55
1746268278.0310323,1746268278.0703812,1746268283.3593745,50.0730601,14.7251671,0,112,50.0721193,14.7268197,0,3.18,0.0,292.03
1746268288.478762,1746268288.5374284,1746268293.4002485,50.0752668,14.7224242,0,112,50.0741827,14.7237834,0,3.87,0.0,760.3
1746268298.5199804,1746268303.8753989,1746268312.4633946,50.0785805,14.7183369,0,113,50.0774839,14.7197016,0,4.98,0.0,5396.74
1746268317.6492743,1746268317.7199647,1746268321.5668654,50.0811885,14.7132165,0,114,50.0804741,14.7151297,0,4.49,0.0,310.35
1746268326.6868155,1746268326.734029,1746268330.5055027,50.0816799,14.7111034,0,114,50.0811885,14.7132165,0,4.62,0.0,332.26
1746268335.6194038,1746268335.692631,1746268340.9095662,50.0823579,14.7067327,0,115,50.0820427,14.7089377,0,3.37,0.0,505.15
1746268346.0238113,1746268346.1029606,1746268349.7964735,50.0830215,14.7023862,0,116,50.0826735,14.7045699,0,4.73,0.0,336.03
1746268354.9322474,1746268354.973205,1746268358.9973536,50.0830215,14.7023862,0,116,50.0826735,14.7045699,0,4.48,0.0,475.86
1746268364.1807272,1746268364.2464664,1746268368.5113475,50.0830215,14.7023862,0,116,50.0826735,14.7045699,0,4.05,0.0,344.9
1746268373.719626,1746268373.7645304,1746268378.1869593,50.0830215,14.7023862,0,116,50.0826735,14.7045699,0,4.08,0.0,526.87
1746268383.2983847,1746268383.3824248,1746268388.7874956,50.0830215,14.7023862,0,116,50.0826735,14.7045699,0,3.15,0.0,363.3
1746268394.026364,1746268394.0988042,1746268397.939711,50.0865598,14.6787741,0,143,50.086011,14.6826046,0,4.71,0.0,469.15
1746268403.063192,1746268403.1144679,1746268409.5182703,50.0874619,14.6726556,0,150,50.086991,14.6760588,0,2.77,0.0,668.83
1746268414.6308136,1746268414.9059596,1746268420.1721082,50.0871939,14.6637011,0,157,50.0874763,14.6673275,0,3.42,0.0,613.2
1746268425.3219523,1746268425.3852081,1746268432.6166515,50.0866945,14.6575455,0,160,50.0869659,14.6606366,0,2.39,0.0,590.86
1746268437.8449166,1746268437.8950064,1746268441.7799642,50.0862116,14.6514005,0,159,50.0864731,14.6544756,0,4.81,0.0,578.4
1746268446.9013066,1746268446.984859,1746268451.4424589,50.0857385,14.6452643,0,158,50.0859819,14.648333,0,3.94,0.0,423.56
1746268456.568324,1746268456.613766,1746268460.236619,50.0852577,14.6391175,0,156,50.0855209,14.6421913,0,4.96,0.0,419.96
1746268465.3510485,1746268465.4154942,1746268468.5732048,50.0848357,14.6333157,0,140,50.0850412,14.636117,0,5.82,0.0,426.63
1746268473.6941671,1746268473.7655985,1746268477.460778,50.0846513,14.6308854,0,123,50.0848357,14.6333157,0,4.93,0.0,471.3
1746268482.5878978,1746268482.6652718,1746268485.7964132,50.0843145,14.626156,0,105,50.0844751,14.6286443,0,5.77,0.0,378.21
1746268490.9186394,1746268490.9648638,1746268494.6852117,50.0840866,14.6221371,0,104,50.0842049,14.6241317,0,4.9,0.0,476.87
1746268499.8033524,1746268499.851386,1746268503.417828,50.0839654,14.6201219,0,103,50.0840866,14.6221371,0,5.01,0.0,395.77
1746268508.6209276,1746268508.6902506,1746268511.5477257,50.0837408,14.6163108,0,94,50.0838645,14.6181812,0,6.08,0.0,244.72
1746268516.7374096,1746268516.806712,1746268521.2536538,50.0834859,14.6128873,0,77,50.0835977,14.6145122,0,3.97,0.0,440.67
1746268526.3719075,1746268526.4526663,1746268529.9036994,50.083249,14.609953,0,76,50.0833783,14.6114355,0,5.24,0.0,420.25
1746268535.0524743,1746268535.130238,1746268538.7844741,50.0831474,14.6084593,0,76,50.083249,14.609953,0,5.12,0.0,549.16
1746268543.901685,1746268543.9620907,1746268547.4883912,50.0829077,14.605498,0,78,50.0830238,14.6069917,0,5.3,0.0,525.2
1746268552.6163785,1746268552.6535594,1746268556.17934,50.0826428,14.6019372,0,86,50.08276,14.6035908,0,5.15,0.0,441.81
1746268561.2889462,1746268561.3473084,1746268565.1760447,50.0823709,14.5989319,0,85,50.0824888,14.6002549,0,4.78,0.0,503.54
1746268570.2857788,1746268570.3626618,1746268573.8197088,50.0822398,14.5969529,0,85,50.0823709,14.5989319,0,5.28,0.0,448.89
1746268578.9358008,1746268579.0006616,1746268582.4158306,50.0821627,14.5936667,0,82,50.0821348,14.5956171,0,5.88,0.0,712.08
1746268587.5282023,1746268587.6071944,1746268590.9239838,50.0827374,14.5904444,0,87,50.0823719,14.5920166,0,5.65,0.0,502.31
1746268596.03238,1746268596.0963612,1746268599.2992256,50.0831427,14.5889224,0,83,50.0827374,14.5904444,0,5.56,0.0,344.82
1746268604.4281685,1746268604.4731026,1746268608.1977277,50.0839211,14.5857962,0,84,50.083502,14.5873399,0,4.82,0.0,430.84
1746268613.3108282,1746268613.346847,1746268617.6028547,50.0847319,14.5827111,0,84,50.0843269,14.584246,0,4.08,0.0,363.7
1746268622.7174459,1746268622.769214,1746268627.9180024,50.0856792,14.5792129,0,92,50.085163,14.5811996,0,3.32,0.0,362.92
1746268633.0345268,1746268633.0901852,1746268636.7214859,50.0865892,14.5757819,0,99,50.0861287,14.5775227,0,5.06,0.0,489.02
1746268641.831593,1746268641.9023962,1746268645.6280708,50.0865892,14.5757819,0,99,50.0861287,14.5775227,0,4.9,0.0,481.6
1746268650.8302438,1746268650.8809218,1746268655.6950097,50.0865892,14.5757819,0,99,50.0861287,14.5775227,0,3.88,0.0,719.34
1746268660.8270314,1746268660.8739326,1746268664.4423497,50.0865892,14.5757819,0,99,50.0861287,14.5775227,0,5.13,0.0,468.18
1746268669.5806036,1746268669.647733,1746268673.7528763,50.0865892,14.5757819,0,99,50.0861287,14.5775227,0,4.27,0.0,385.36
1746268678.9182875,1746268678.9855525,1746268682.1328273,50.0865892,14.5757819,0,99,50.0861287,14.5775227,0,5.67,0.0,344.26
1746268687.270165,1746268687.3450923,1746268691.6332169,50.0865892,14.5757819,0,99,50.0861287,14.5775227,0,4.11,0.0,419.23
1746268696.7851791,1746268696.8519707,1746268700.0828183,50.0934329,14.5512342,0,120,50.0865892,14.5757819,0,6.1,0.0,625.06
1746268705.2251484,1746268705.2862053,1746268710.3810184,50.0954764,14.5478333,0,119,50.0946358,14.5491344,0,3.31,0.0,296.45
1746268715.507514,1746268715.5718324,1746268720.0787785,50.0974027,14.5439424,0,110,50.0966655,14.5458052,0,4.23,0.0,748.03
1746268725.2505507,1746268725.3258872,1746268730.860451,50.0979996,14.5398821,0,105,50.0978535,14.541943,0,3.1,0.0,414.63
1746268736.0026603,1746268736.0491517,1746268744.7998574,50.0977283,14.5358252,0,101,50.0979456,14.5378106,0,1.94,0.0,545.54
1746268749.9207337,1746268749.9620247,1746268756.2585182,50.0972412,14.5312293,0,52,50.0973575,14.5324064,0,2.77,0.0,559.1
1746268761.3905485,1746268761.4321992,1746268766.2751293,50.0972302,14.5295329,0,34,50.0972047,14.5303104,0,3.54,0.0,353.45
1746268771.3945308,1746268771.4575233,1746268775.1617436,50.0973767,14.5279922,0,44,50.0972706,14.5289575,0,4.62,0.0,260.81
1746268780.2986977,1746268780.368736,1746268789.436219,50.0978111,14.5260093,0,60,50.0975323,14.5270631,0,1.84,0.0,448.31
1746268794.5562027,1746268794.6349523,1746268801.7464879,50.0986397,14.5237138,0,75,50.0982003,14.5249207,0,2.42,0.0,534.31
1746268806.8609977,1746268806.9003549,1746268812.5548239,50.1003299,14.518983,0,95,50.0998141,14.5206023,0,3.12,0.0,556.6
1746268817.6629899,1746268817.7330456,1746268822.4291859,50.1007395,14.5153955,0,95,50.1006499,14.5171963,0,3.6,0.0,282.97
1746268827.5410776,1746268827.6150935,1746268832.304089,50.1002942,14.5117437,0,94,50.1005914,14.5135734,0,3.82,0.0,526.75
1746268837.4146976,1746268837.4808705,1746268841.7363906,50.1000617,14.5082421,0,84,50.1001063,14.5099521,0,4.02,0.0,301.84
1746268846.8518956,1746268846.923157,1746268851.4277322,50.1002109,14.5055061,0,60,50.1001147,14.5067613,0,3.94,0.0,471.24
1746268856.5542097,1746268856.5988142,1746268859.9608152,50.1004717,14.5037316,0,39,50.10036,14.5045208,0,5.4,0.0,420.71
1746268865.0714784,1746268865.143438,1746268868.6088364,50.1006001,14.5030736,0,31,50.1004717,14.5037316,0,5.32,0.0,477.89
1746268873.7200553,1746268873.785975,1746268877.6738813,50.1007073,14.5022929,0,15,50.1006568,14.5025669,0,4.61,0.0,437.18
1746268882.7878788,1746268882.8364494,1746268887.145421,50.1007471,14.5020958,0,0,50.1007334,14.5021145,0,4.06,0.0,398.38
1746268892.2572532,1746268892.326141,1746268895.5230732,50.1007543,14.5021199,0,0,50.1007682,14.5021056,0,5.97,0.0,536.35
1746268900.643879,1746268900.6882496,1746268904.0577085,50.1007492,14.5021339,0,0,50.1007543,14.5021199,0,5.29,0.0,364.7
1746268909.166667,1746268909.237695,1746268912.2840464,50.1007677,14.502132,0,0,50.1007533,14.5021272,0,6.04,0.0,416.57
1746268917.3958051,1746268917.4708765,1746268922.9229772,50.1007397,14.5021361,0,0,50.1007569,14.5021201,0,3.13,0.0,377.26
1746268928.033355,1746268928.0720272,1746268931.7305417,50.1007211,14.5021349,0,1,50.1007288,14.5021171,0,4.91,0.0,424.72
1746268936.8394656,1746268936.884143,1746268941.9953153,50.1007339,14.5021044,0,1,50.1007234,14.502116,0,3.39,0.0,418.87
1746268947.103314,1746268947.1627278,1746268951.355558,50.1007367,14.5020849,0,1,50.1007339,14.5021044,0,4.17,0.0,381.17
1746268956.4650278,1746268956.513537,1746268961.9647465,50.1007367,14.5020849,0,1,50.1007339,14.5021044,0,3.12,0.0,360.85
1746268967.0825186,1746268967.125468,1746268971.2100575,50.1007367,14.5020849,0,1,50.1007339,14.5021044,0,4.42,0.0,488.29
1746268976.3184023,1746268977.322438,1746268986.3549616,50.1007367,14.5020849,0,1,50.1007339,14.5021044,0,2.93,0.0,3603.31
1746268991.4627488,1746268991.5289762,1746268996.702994,50.1011606,14.496743,0,61,50.1011084,14.498319,0,3.37,0.0,455.99
1746269001.8119712,1746269001.8690581,1746269006.8668895,50.1013788,14.4941421,0,71,50.1012447,14.4955012,0,3.42,0.0,356.2
1746269012.0134273,1746269012.0838678,1746269015.6528146,50.1017549,14.4910127,0,88,50.1015844,14.4926437,0,4.99,0.0,381.79
1746269020.7761462,1746269020.8443205,1746269026.391631,50.1020446,14.487473,0,96,50.1019084,14.489327,0,3.1,0.0,427.4
1746269031.5037365,1746269031.7881303,1746269038.8278701,50.1021206,14.4836988,0,96,50.1021729,14.4855932,0,2.53,0.0,750.24
1746269043.942025,1746269043.9897594,1746269050.154889,50.1006357,14.4786547,0,97,50.1013909,14.4805698,0,2.74,0.0,366.91
1746269055.267967,1746269055.3178942,1746269059.667438,50.0990331,14.4758157,0,96,50.0998873,14.4771582,0,3.98,0.0,360.64
1746269064.824508,1746269064.868453,1746269071.6601973,50.0969536,14.4732441,0,93,50.0981109,14.4745921,0,2.58,0.0,642.32
1746269076.8496277,1746269076.9208422,1746269082.486388,50.0950434,14.4710332,0,92,50.0959812,14.4721288,0,2.99,0.0,255.6
1746269087.6120737,1746269087.679852,1746269092.4103556,50.0934493,14.4685844,0,89,50.0941635,14.4699096,0,3.81,0.0,557.83
1746269097.5324793,1746269097.6124034,1746269101.6668403,50.0924832,14.465613,0,84,50.0929083,14.4670906,0,4.35,0.0,396.91
1746269106.8056967,1746269106.8653467,1746269112.2433987,50.0916349,14.4627419,0,79,50.0920737,14.4641675,0,3.19,0.0,398.23
1746269117.3549824,1746269117.4139056,1746269121.042042,50.0916349,14.4627419,0,79,50.0920737,14.4641675,0,4.81,0.0,321.34
1746269126.151479,1746269126.2209532,1746269131.1539364,50.0916349,14.4627419,0,79,50.0920737,14.4641675,0,3.98,0.0,944.63
1746269136.2653985,1746269136.3409853,1746269141.5657403,50.0916349,14.4627419,0,79,50.0920737,14.4641675,0,3.24,0.0,320.24
1746269146.677299,1746269146.717267,1746269150.8114073,50.0916349,14.4627419,0,79,50.0920737,14.4641675,0,4.19,0.0,303.97
1746269155.9225633,1746269155.9655318,1746269159.7538664,50.0916349,14.4627419,0,79,50.0920737,14.4641675,0,4.67,0.0,385.99
1746269164.8626392,1746269164.9057355,1746269168.946206,50.0916349,14.4627419,0,79,50.0920737,14.4641675,0,4.55,0.0,548.45
1746269174.0686946,1746269174.129194,1746269177.8283575,50.0916349,14.4627419,0,79,50.0920737,14.4641675,0,5.03,0.0,540.96
